episode_id,query0,query1,query2,query3,query4,query5,query6,query7,query8,query9,query10,query11,query12,query13,query14,query15,query16,query17,query18,query19,query20,query21,query22,query23,query24,query25,query26,query27,query28,query29,query30,query31,query32,query33,query34,query35,query36,query37,query38,query39,query40,query41,query42,query43,query44,query45,query46,query47,query48,query49,query50,query51,query52,query53,query54,query55,query56,query57,query58,query59,query60,query61,query62,query63,query64,query65,query66,query67,query68,query69,query70,query71,query72,query73,query74
0,3,4,3,4,3,1,1,3,4,2,2,3,2,2,1,2,3,1,2,0,4,2,3,3,3,4,3,3,3,4,3,3,3,4,1,2,2,3,1,4,1,4,1,4,3,3,2,4,3,4,1,3,1,3,3,4,4,1,2,1,3,2,4,2,4,2,2,3,4,4,1,4,4,3,4
1,2,3,4,4,2,2,1,2,4,2,2,0,1,2,2,2,2,3,2,1,2,2,4,2,2,1,4,0,2,4,2,2,2,3,0,4,1,1,1,1,2,3,3,1,3,0,3,3,3,2,1,4,3,2,2,4,3,2,4,4,2,1,2,3,4,1,4,0,4,3,1,0,2,4,3
2,2,3,3,4,4,1,1,3,2,4,4,3,3,0,3,0,4,3,3,4,2,1,2,4,0,1,0,0,4,1,4,0,2,1,3,2,2,2,1,3,4,3,4,3,0,3,3,4,0,4,1,1,3,1,3,2,1,0,3,4,2,4,2,4,1,3,1,4,1,2,4,0,4,1,3
3,4,4,1,4,1,1,1,3,3,0,1,1,0,0,1,4,1,0,0,3,0,2,0,0,3,2,4,1,2,3,3,4,3,2,1,1,2,0,3,3,0,1,1,1,1,1,2,2,4,1,0,3,2,2,1,3,1,3,4,2,0,1,3,1,1,4,4,1,1,2,1,4,4,2,3
4,1,4,0,4,1,1,1,0,1,4,0,1,4,0,4,2,4,4,2,4,0,0,1,4,2,4,0,4,4,1,1,4,1,0,0,0,2,4,4,4,4,0,4,0,0,2,0,2,1,3,0,4,2,0,4,0,4,0,4,4,4,4,3,4,4,0,0,4,4,0,1,2,4,4,1
5,4,4,4,4,2,4,1,4,2,4,1,0,0,1,1,4,3,0,1,4,4,2,3,1,4,0,3,3,2,1,1,2,4,0,1,0,1,4,2,3,4,4,4,4,0,1,2,4,4,4,0,4,2,0,2,1,0,0,1,4,4,3,1,3,1,1,1,1,4,1,1,1,4,3,1
6,1,1,1,0,0,2,4,3,2,3,1,4,1,2,4,1,2,1,3,3,1,4,1,0,3,1,0,3,3,1,1,4,1,3,3,3,2,3,1,1,2,3,1,3,1,1,3,3,4,2,0,4,3,1,0,0,1,0,3,1,4,3,4,1,1,4,3,3,3,4,3,0,2,1,1
7,2,4,0,2,4,0,4,0,1,1,2,1,0,3,1,2,3,3,1,3,2,1,2,4,0,2,0,0,1,3,3,4,3,0,2,2,3,1,0,1,0,3,2,4,4,3,1,1,3,0,4,0,2,2,2,0,2,3,1,3,2,3,1,3,1,3,0,4,3,4,4,0,3,3,1
8,4,4,1,4,4,0,4,2,3,3,4,1,3,2,1,1,4,2,4,3,4,3,0,1,2,4,1,0,0,0,4,2,4,1,2,1,4,4,3,0,1,4,1,1,0,0,0,1,1,1,2,0,2,1,4,3,3,0,4,3,2,3,2,2,3,0,4,1,2,3,3,3,0,0,0
9,4,3,3,0,3,4,0,3,3,0,0,3,3,0,3,0,2,0,1,0,3,0,0,1,2,3,1,0,1,2,1,1,4,0,3,0,4,0,0,3,2,4,3,0,4,4,0,3,3,2,4,3,0,0,0,0,4,2,3,1,4,3,0,1,0,3,3,3,0,0,2,1,0,2,0
10,1,4,1,0,2,0,3,1,2,4,4,0,2,4,1,4,1,4,4,0,0,1,0,4,3,3,4,2,0,0,1,2,2,2,4,0,4,0,4,1,4,1,0,2,2,4,0,3,4,4,0,2,0,1,1,2,0,0,1,4,1,2,4,2,2,4,4,4,4,4,4,3,0,4,1
11,4,2,4,4,3,2,1,1,4,3,0,3,3,4,1,0,2,1,3,1,4,2,3,1,1,3,1,4,2,4,4,4,1,2,4,1,2,1,4,0,4,3,1,4,4,4,4,4,2,2,1,1,4,4,1,4,4,4,1,4,4,1,3,1,2,1,3,1,1,2,1,4,2,1,0
12,2,3,2,0,3,3,3,2,4,2,4,2,4,4,0,3,2,2,4,0,1,2,3,4,3,2,4,4,3,2,1,2,2,4,2,2,4,4,2,3,1,3,2,2,4,4,1,4,3,2,1,3,3,2,2,2,2,0,1,3,4,2,0,2,3,2,2,4,4,2,3,1,3,1,4
13,1,3,2,3,2,1,2,2,3,3,4,1,1,2,2,0,3,4,3,2,1,3,2,2,4,0,3,1,2,3,2,3,3,3,1,4,3,3,2,3,2,1,3,0,3,3,4,1,3,3,1,1,3,3,1,2,1,3,1,2,2,2,2,3,2,3,3,3,4,4,4,1,2,2,2
14,3,2,1,2,2,0,4,0,3,0,3,3,0,3,4,0,0,4,0,0,4,0,0,0,2,4,3,2,0,2,2,4,0,0,0,2,3,4,0,3,0,0,3,4,0,0,2,0,2,3,0,0,3,2,3,2,0,3,0,3,1,4,0,2,0,2,0,0,2,1,0,0,3,3,0
15,4,2,3,4,2,2,4,0,2,2,4,2,2,3,0,4,4,2,0,2,1,2,2,4,2,4,2,2,2,0,4,0,4,4,0,2,2,2,0,1,1,4,0,0,4,4,0,2,2,2,4,0,2,4,4,0,2,2,0,4,0,4,0,2,2,2,4,0,4,0,0,2,3,4,4
16,3,0,2,3,3,4,0,1,3,1,2,0,2,2,0,2,3,0,2,0,3,0,4,2,0,2,3,2,0,0,2,2,4,1,4,0,2,0,1,0,3,0,1,0,1,4,1,1,0,2,0,3,2,2,2,3,0,1,2,1,0,4,0,2,1,1,0,2,2,1,0,2,0,2,1
17,1,2,1,1,1,1,2,1,1,1,1,1,1,3,1,1,0,1,0,1,0,0,1,2,1,1,1,0,0,1,0,2,1,0,1,0,1,1,2,0,1,1,1,1,1,2,1,1,1,1,1,1,1,0,3,2,2,1,0,2,0,1,0,1,0,1,0,1,1,2,1,2,0,1,1
18,1,4,3,3,3,1,3,3,1,3,0,3,4,1,0,4,3,3,3,4,3,4,1,4,4,1,4,4,4,4,4,3,3,4,1,4,3,1,1,3,1,3,1,4,3,4,4,1,4,3,3,4,1,3,1,1,3,4,4,3,3,3,1,1,1,3,1,1,1,1,1,2,4,1,3
19,0,2,1,2,4,2,2,2,1,2,3,3,0,3,1,0,2,2,2,4,3,2,1,4,0,0,1,1,2,0,4,0,2,0,4,0,0,3,2,3,4,2,0,1,0,3,0,0,3,1,0,4,2,4,0,1,0,3,3,2,2,2,2,1,1,2,2,0,0,1,0,0,0,2,2
20,4,0,2,0,3,1,1,1,2,0,2,0,2,2,1,2,3,1,0,0,3,0,0,0,1,2,1,4,2,0,0,1,0,1,3,1,4,3,1,1,3,3,0,0,1,1,3,3,4,2,2,4,1,1,0,2,2,0,4,3,1,2,3,2,1,1,0,2,0,0,3,4,1,1,1
21,3,2,1,3,0,3,0,2,1,0,1,4,2,1,0,4,1,3,2,1,0,3,1,2,0,0,1,3,0,2,3,4,4,2,3,3,3,0,2,0,2,4,3,0,1,0,2,1,1,4,2,0,3,0,0,0,4,1,0,1,4,4,4,2,4,0,2,3,2,2,3,3,3,4,4
22,1,3,3,3,0,3,3,2,3,2,0,0,0,1,3,3,1,3,4,1,3,1,2,3,0,3,3,4,0,1,1,2,3,3,3,3,1,2,3,3,3,3,1,3,1,2,0,1,2,3,4,3,3,3,3,3,3,4,1,3,3,3,1,1,2,3,1,2,2,1,3,1,4,3,0
23,4,1,1,0,2,1,1,1,1,4,4,4,3,1,1,2,3,4,4,2,3,3,1,1,3,2,1,2,4,4,4,2,1,1,3,3,0,2,2,2,1,1,2,2,2,2,1,2,1,1,2,2,2,4,2,2,2,2,2,3,1,2,1,1,3,2,4,1,2,0,0,3,3,3,4
24,4,2,4,3,4,3,1,1,1,2,4,1,1,0,2,2,4,2,1,0,1,2,0,0,2,3,1,1,4,1,1,1,1,2,4,1,2,1,1,2,2,3,4,3,1,4,1,1,2,4,1,1,4,0,4,4,0,1,3,1,2,4,1,0,2,3,3,2,2,4,1,4,1,3,1
25,1,0,0,0,2,0,1,0,3,1,3,4,4,2,3,1,2,0,3,3,0,1,4,0,0,4,3,1,0,4,3,4,4,3,3,1,3,2,0,3,0,1,0,0,3,0,3,0,0,0,1,2,1,2,0,2,4,0,4,2,2,4,4,4,4,3,3,2,4,2,1,4,4,1,4
26,2,0,0,4,2,1,2,0,3,1,1,0,3,2,3,3,2,1,3,4,0,4,1,3,1,3,4,4,4,0,4,1,1,0,4,1,4,4,1,4,0,2,0,4,1,4,0,1,0,3,2,0,0,3,1,0,2,2,0,0,4,0,1,3,3,1,2,2,0,4,4,0,0,1,2
27,1,0,0,3,3,2,2,0,1,2,4,3,0,2,1,2,1,0,1,4,3,2,2,3,4,2,3,1,3,3,1,2,3,1,0,4,2,0,1,0,1,3,3,2,2,3,4,0,0,2,3,1,2,0,1,4,3,0,2,3,2,4,3,1,2,3,4,4,3,4,4,3,3,2,4
28,2,1,2,1,0,1,1,1,3,4,1,1,1,1,3,3,1,0,3,3,1,3,1,2,3,2,2,4,4,4,3,0,3,1,1,0,2,2,0,4,3,1,1,2,2,1,0,1,4,2,1,4,2,0,1,4,1,1,1,1,2,1,2,2,1,1,1,0,0,0,3,1,0,3,0
29,4,0,3,1,3,3,1,4,1,2,2,0,2,3,0,4,0,3,0,3,3,0,3,4,0,2,0,1,4,3,4,2,4,3,2,2,4,0,3,3,3,4,4,2,2,4,2,3,4,4,2,2,0,0,3,1,2,3,2,4,0,2,0,4,1,2,1,0,1,4,1,4,2,3,2
30,1,4,3,1,3,4,0,2,0,4,3,1,1,0,4,1,1,3,0,0,0,2,3,1,3,0,0,3,3,1,1,0,1,2,0,3,1,3,1,4,0,3,2,1,0,1,3,3,3,3,0,1,0,0,4,0,0,3,0,1,1,3,1,2,3,2,3,4,3,0,1,4,4,4,3
31,4,2,0,4,2,3,4,4,0,4,1,1,0,4,1,1,4,4,1,0,0,4,2,4,2,2,4,4,4,3,3,2,0,2,0,4,0,0,1,0,1,4,2,4,1,0,0,4,1,3,4,4,4,0,1,4,1,4,2,4,1,4,1,4,1,3,1,3,3,4,0,2,2,2,1
32,2,4,2,2,0,2,3,4,3,2,2,3,2,3,0,2,4,0,4,3,3,0,2,3,4,3,0,3,2,3,3,2,3,4,4,3,0,0,1,2,3,0,0,4,3,3,3,3,1,3,3,2,3,3,3,0,3,1,3,2,1,2,0,3,1,2,2,3,3,4,4,2,4,4,2
33,1,4,1,4,3,1,0,1,4,4,2,3,2,1,1,3,2,2,3,4,4,4,2,2,2,3,4,4,1,4,3,3,4,3,3,3,4,2,1,4,1,4,4,2,0,1,4,4,4,4,3,4,4,4,3,3,4,0,4,1,4,1,4,4,3,4,0,4,1,4,1,4,2,2,2
34,1,1,0,1,1,1,3,2,0,0,3,4,1,0,0,1,1,3,0,1,1,1,0,1,0,1,0,2,0,2,4,1,4,3,1,1,1,1,3,1,0,1,2,2,4,2,1,1,0,1,4,0,2,2,1,3,0,3,0,4,1,1,2,1,3,4,0,2,4,0,3,1,2,1,2
35,4,0,4,3,1,4,4,4,4,2,4,4,3,3,4,0,0,4,2,0,2,0,1,4,4,3,4,2,2,4,0,0,0,3,3,0,4,3,2,3,2,2,2,2,3,2,4,4,0,0,3,0,0,4,0,0,1,2,0,4,4,3,4,0,2,2,1,3,4,2,4,4,3,0,0
36,4,2,2,4,1,4,2,3,4,4,0,3,2,2,2,0,1,1,1,1,2,2,3,4,4,4,1,4,2,2,1,3,1,2,3,4,2,1,0,2,4,2,4,3,2,4,3,1,1,2,2,4,3,2,3,2,0,2,4,2,3,3,2,1,1,2,1,1,3,2,4,4,2,0,4
37,4,1,0,0,4,4,4,1,0,4,4,2,1,1,1,0,4,3,4,2,4,2,3,2,0,3,0,0,4,1,4,1,1,2,2,2,1,4,4,0,2,4,2,4,4,4,0,0,1,4,2,1,2,1,2,0,2,4,0,0,1,4,0,1,3,0,1,0,0,2,4,0,1,0,1
38,2,1,1,2,0,0,0,0,2,2,3,4,4,0,4,2,4,4,1,3,2,3,2,4,2,0,4,1,1,4,1,4,0,4,3,1,1,4,3,0,3,3,3,1,0,0,0,4,3,1,1,0,4,3,4,3,3,4,4,3,0,2,2,0,3,2,1,1,3,0,1,4,1,4,1
39,2,2,3,4,2,3,2,3,3,4,2,2,1,3,4,2,4,4,2,3,2,4,3,2,2,1,2,3,4,2,4,2,4,2,3,2,2,4,1,2,2,3,4,3,4,2,4,2,4,2,2,2,4,2,2,2,3,4,3,2,2,4,2,2,2,2,2,2,2,0,4,3,2,3,0
40,3,0,2,4,1,0,0,0,3,3,3,1,4,2,3,3,3,0,0,0,2,4,3,4,4,0,2,0,1,0,3,1,0,3,1,4,3,0,0,0,4,3,0,4,0,3,0,2,3,2,4,4,4,3,0,0,0,1,4,4,1,0,0,4,1,2,0,3,4,0,2,4,3,3,2
41,3,1,1,4,4,4,3,3,1,0,1,3,3,2,4,2,0,3,4,3,3,3,3,4,4,3,1,3,2,3,3,1,2,2,0,3,4,1,3,4,2,1,2,0,3,2,3,1,0,3,3,3,3,4,4,3,3,4,4,4,0,0,4,1,0,3,3,4,3,3,1,3,1,4,1
42,0,0,1,4,4,4,1,4,1,4,4,3,0,1,1,4,1,1,4,4,2,1,4,1,1,4,2,3,0,4,0,2,0,4,4,2,4,3,1,3,3,4,1,3,1,2,4,4,4,1,0,1,1,4,1,3,1,4,4,1,4,1,0,3,4,4,2,1,4,0,4,0,4,3,1
43,0,0,3,0,0,0,0,0,3,3,2,3,4,2,0,0,3,0,0,3,3,4,2,3,0,3,4,3,3,2,3,2,0,3,2,3,0,3,0,0,0,0,2,3,2,2,3,0,0,0,4,2,3,3,0,1,1,3,0,0,0,3,0,0,1,0,0,3,0,0,0,3,4,3,2
44,2,2,3,2,0,1,0,4,2,2,1,2,4,2,2,3,3,0,2,4,1,4,0,1,0,3,1,0,4,1,0,0,2,4,1,0,3,0,4,4,0,4,4,1,4,3,4,1,2,1,1,3,0,1,3,0,0,0,0,1,0,1,0,0,2,0,0,0,0,1,1,4,3,2,1
45,1,1,2,4,0,2,3,2,0,2,1,4,1,0,0,2,2,4,2,4,0,1,0,4,4,0,4,1,0,2,0,2,1,2,1,1,4,1,1,0,1,1,3,4,0,1,0,2,1,1,0,4,3,3,2,0,1,1,0,0,3,3,0,4,0,2,2,4,2,0,4,0,1,1,4
46,2,0,4,1,0,4,0,4,0,2,4,4,2,3,4,1,3,2,4,4,4,2,2,4,2,0,0,2,2,4,3,4,4,4,4,4,4,4,3,4,0,0,2,3,4,3,2,1,0,2,4,4,3,0,4,0,4,3,2,0,2,3,1,1,0,2,3,0,3,0,3,3,4,2,4
47,4,3,4,1,4,4,1,2,2,0,0,3,1,0,1,0,0,4,3,4,2,4,4,1,1,1,0,0,0,3,4,1,0,2,3,0,4,0,4,2,2,4,3,4,0,1,4,4,2,3,4,0,4,4,2,3,4,1,1,4,3,1,1,3,4,4,3,3,4,1,1,0,3,3,0
48,2,4,1,2,4,4,4,4,0,1,1,4,0,2,4,2,2,4,3,3,3,0,2,3,3,2,3,2,3,1,4,4,2,4,4,4,3,1,3,3,3,4,0,4,2,1,4,2,2,4,1,3,3,0,0,2,4,1,0,2,0,4,2,4,4,2,1,4,1,2,0,2,4,1,4
49,1,1,4,4,0,3,4,3,3,4,3,0,0,1,2,3,1,2,2,0,4,3,3,0,0,1,3,0,1,0,3,4,4,1,1,3,3,1,3,4,1,2,0,3,0,4,3,1,3,4,2,4,1,3,0,0,0,3,2,3,4,2,0,3,3,1,3,4,0,0,0,2,3,3,3
50,2,4,4,2,4,2,3,2,3,3,0,1,2,4,4,3,4,4,2,4,2,4,2,2,3,3,2,2,2,4,4,3,2,3,4,0,3,3,3,4,3,2,4,3,4,3,3,2,2,2,1,1,2,2,2,3,3,3,2,4,4,4,4,3,2,4,2,3,1,3,1,3,4,3,2
51,3,1,1,3,1,4,4,0,3,3,0,1,0,1,1,1,1,3,4,3,1,0,2,4,3,0,4,3,1,2,1,0,4,3,0,1,3,1,3,4,0,0,4,4,0,1,3,0,1,3,3,3,1,4,0,0,1,0,0,3,3,4,0,0,3,0,3,4,0,2,4,0,0,4,1
52,0,4,0,0,0,0,3,0,0,2,0,2,4,3,0,3,4,3,3,2,0,4,0,4,0,3,4,3,3,3,0,3,0,0,2,0,0,0,4,3,0,3,0,2,0,0,4,3,0,2,2,4,2,0,4,3,3,0,0,3,0,0,2,0,4,2,3,0,3,2,0,0,0,0,4
53,4,4,1,3,1,3,1,4,0,0,1,2,3,4,3,0,3,4,0,3,4,1,2,4,1,4,0,0,4,2,0,3,4,3,1,3,0,2,0,2,1,3,4,1,4,0,4,4,3,3,1,0,0,2,1,4,3,0,3,3,2,4,2,0,1,1,3,2,3,0,0,1,3,1,4
54,2,2,0,2,1,1,1,2,0,1,2,1,1,1,4,2,2,2,1,1,3,2,4,3,3,2,2,1,1,4,0,4,1,4,0,1,4,2,1,2,2,2,0,4,1,1,1,4,1,1,1,4,2,4,1,1,1,0,1,1,2,0,4,1,3,0,2,1,3,2,2,4,1,2,2
55,2,3,1,4,3,0,0,0,2,0,4,0,0,4,0,3,0,0,2,4,3,3,3,0,1,0,0,0,2,0,0,4,1,3,3,1,3,4,4,0,3,2,4,4,0,1,1,3,0,4,0,1,1,1,0,2,4,2,3,3,4,2,4,3,1,1,4,1,0,1,3,1,4,2,4
56,4,1,1,0,2,1,1,4,1,4,3,0,2,4,1,2,1,1,1,4,1,1,1,4,1,2,1,2,1,2,1,2,4,2,1,1,4,1,2,2,0,0,4,4,3,1,1,1,3,3,1,1,2,0,0,1,4,2,2,4,1,3,3,1,0,2,2,1,1,1,1,1,3,4,1
57,4,0,4,3,1,3,3,4,3,2,4,0,0,3,1,3,3,0,1,1,2,3,4,3,1,1,3,4,4,0,0,1,4,4,3,3,0,1,1,4,0,3,1,0,1,3,4,1,2,3,1,0,4,4,1,1,1,2,4,3,1,3,3,2,4,3,2,0,2,0,4,1,2,3,1
58,3,3,3,3,2,1,3,2,4,3,2,2,3,3,1,3,4,4,3,1,2,0,3,3,2,4,2,3,3,2,0,3,1,3,2,1,3,3,3,2,2,3,2,2,3,3,2,3,3,3,3,3,4,4,3,2,3,4,4,3,2,2,3,1,3,3,3,3,4,0,3,4,3,3,3
59,3,2,2,4,4,2,1,2,1,3,2,4,1,0,2,2,2,4,1,0,4,1,4,2,2,1,2,4,2,2,2,1,4,0,0,2,2,0,4,3,3,0,0,4,1,2,1,1,2,2,0,0,1,3,4,4,1,0,3,1,2,1,2,4,2,4,0,4,4,4,3,2,0,0,1
60,2,3,1,1,2,4,4,4,1,3,0,1,3,2,3,0,1,1,4,4,2,4,0,0,3,1,2,4,4,4,4,2,1,0,1,3,1,1,4,1,4,4,3,3,4,4,3,3,1,3,1,1,4,4,4,3,0,1,0,4,1,1,1,0,3,4,1,1,3,4,4,0,4,2,4
61,0,2,2,2,0,2,0,2,2,2,2,2,0,0,3,2,0,1,0,2,2,2,0,2,2,3,2,0,0,1,2,3,3,0,0,1,1,0,0,2,0,2,2,2,2,1,0,0,3,3,1,2,2,0,3,2,2,1,0,4,2,1,0,0,0,0,2,1,0,0,2,2,0,1,1
62,4,3,4,2,3,2,4,3,4,4,2,3,4,0,3,4,1,2,0,3,0,2,3,4,4,3,4,1,3,4,0,3,0,2,3,3,0,1,4,1,3,0,3,4,0,0,2,3,4,3,4,4,3,4,0,4,3,3,1,4,4,4,4,0,0,3,4,2,2,3,2,4,4,3,4
63,3,4,4,4,4,4,4,1,2,2,3,1,4,2,1,3,3,0,3,2,0,2,2,3,3,3,4,4,4,0,4,4,2,3,4,0,1,3,3,4,3,3,4,2,3,1,3,2,1,3,4,4,4,0,3,2,3,4,0,2,1,4,3,4,3,2,3,0,0,4,0,2,3,1,4
64,2,2,0,0,2,2,2,3,2,1,2,4,4,2,3,2,4,3,3,2,1,2,2,3,2,2,2,2,2,0,4,2,0,2,3,3,2,3,0,2,3,3,0,2,3,2,2,2,3,2,2,2,3,0,3,3,3,2,2,2,2,2,2,0,3,2,3,2,2,2,3,4,2,3,4
65,4,3,4,3,3,3,4,0,2,0,4,4,4,1,1,3,3,2,0,0,0,4,1,4,0,4,0,4,3,2,3,1,2,4,0,1,3,4,1,1,3,4,0,0,4,2,1,1,4,0,2,3,3,0,2,4,3,1,2,1,1,0,1,2,1,0,4,3,3,3,0,4,2,0,1
66,1,1,3,1,0,3,1,1,1,4,3,4,3,1,1,1,1,1,3,0,2,1,1,3,3,4,3,1,3,4,1,1,0,1,3,3,3,1,3,1,3,3,3,0,1,3,0,3,2,1,3,3,3,3,3,1,4,3,2,0,3,1,1,3,1,4,3,3,3,3,1,3,3,1,1
67,2,1,1,4,2,1,2,1,4,3,0,0,4,1,2,0,2,2,1,3,1,2,4,1,1,4,4,3,1,3,1,3,2,0,1,2,2,1,2,1,0,0,1,2,4,1,4,1,3,3,4,0,2,0,2,1,3,2,4,0,4,1,4,3,0,1,2,1,3,4,2,4,1,1,0
68,1,3,1,0,3,1,1,3,0,2,1,4,1,1,0,1,3,0,3,1,0,1,0,4,3,1,3,1,3,2,1,0,3,3,0,0,3,1,3,0,0,3,3,1,0,1,0,3,3,2,2,0,3,3,2,3,2,3,3,0,4,3,0,0,3,3,0,3,1,1,0,0,3,1,0
69,0,3,0,2,1,1,4,2,0,3,1,3,3,2,3,1,0,3,0,2,2,2,1,0,0,3,1,1,1,2,2,0,1,1,0,3,1,4,3,2,3,1,3,0,3,0,2,1,1,3,0,0,0,0,3,1,4,0,1,3,0,1,3,4,0,3,2,1,3,1,2,0,3,1,2
70,2,0,4,1,0,1,1,2,1,3,1,1,3,0,1,2,3,3,1,1,0,3,0,1,3,3,1,1,4,1,0,3,1,0,0,1,0,0,4,0,2,3,1,3,1,3,3,1,4,4,0,0,1,1,4,4,1,2,3,3,2,1,0,3,4,0,3,0,1,3,1,1,3,1,0
71,1,2,2,2,0,3,2,3,1,2,2,3,1,2,1,1,1,2,3,3,1,0,1,2,4,0,1,3,1,1,1,1,1,2,2,2,2,2,1,2,1,3,3,1,2,1,3,2,3,2,1,2,2,2,3,2,3,3,0,2,2,3,2,4,1,3,3,3,1,2,0,1,3,3,2
72,3,3,0,0,1,2,0,0,4,0,2,0,0,2,0,2,2,3,2,1,2,0,0,4,2,2,3,3,4,3,2,0,3,0,1,1,4,1,0,2,0,4,2,1,0,2,0,1,2,1,4,2,1,0,1,2,4,3,2,2,2,0,4,2,1,1,2,2,2,1,2,0,0,4,2
73,4,2,1,0,3,1,4,4,4,3,4,0,2,0,0,0,2,4,2,1,1,4,4,3,2,2,4,4,4,0,1,1,4,1,0,2,2,1,4,4,1,2,2,4,2,0,0,2,1,3,1,4,4,0,4,1,2,2,0,1,3,0,4,2,1,1,1,4,3,0,2,2,0,3,4
74,2,3,3,3,3,0,3,1,3,2,4,3,0,1,3,3,4,3,3,2,3,4,2,3,3,4,2,0,4,4,3,4,3,2,3,2,3,3,4,4,3,3,3,3,1,3,3,1,4,4,4,4,2,2,2,3,4,4,0,4,0,3,3,4,1,3,4,4,4,0,4,0,2,3,4
75,0,0,1,3,3,0,0,4,0,1,1,2,4,1,4,3,0,1,4,4,4,3,3,1,2,1,1,0,1,0,0,1,4,0,4,2,1,0,3,4,1,1,2,0,1,1,4,3,1,2,4,1,0,0,0,1,2,1,1,2,0,3,0,0,1,4,1,0,2,1,2,4,1,3,1
76,4,4,4,3,4,0,4,2,3,4,2,4,0,4,1,0,1,1,1,3,1,1,4,3,2,4,1,3,4,4,4,4,4,4,3,4,1,3,1,0,2,4,1,0,2,3,2,4,4,1,3,3,4,1,4,0,1,3,2,1,1,4,4,4,2,4,4,4,4,3,0,4,4,4,1
77,3,3,3,0,4,4,2,1,4,1,1,4,2,3,4,4,1,4,4,4,0,2,0,0,3,2,0,3,3,3,4,3,1,3,4,1,3,4,4,0,1,3,3,0,0,3,4,1,0,1,1,4,1,4,3,3,3,4,4,2,3,1,4,1,1,1,3,0,3,3,1,1,4,4,1
78,1,2,3,4,2,1,2,1,4,2,1,2,1,1,3,1,4,1,1,0,3,4,1,3,4,4,2,3,0,4,2,1,0,0,1,3,2,2,4,0,2,2,2,0,4,0,2,1,2,0,1,1,2,3,0,2,0,2,2,1,3,4,3,0,2,3,1,1,2,1,2,1,4,1,2
79,0,0,3,1,2,0,0,3,1,3,0,2,2,0,3,1,3,3,4,3,0,2,1,1,1,2,1,1,3,3,0,1,1,3,0,0,1,3,3,2,2,1,4,3,0,3,4,2,4,3,2,1,0,2,3,0,3,3,0,0,0,3,1,2,3,2,0,2,4,2,2,1,0,3,3
80,2,4,2,4,2,2,3,1,1,4,0,3,2,0,2,2,4,4,0,0,4,4,1,4,2,0,4,4,4,1,2,2,4,0,2,3,3,4,4,1,3,4,4,2,4,4,2,1,2,4,1,2,0,0,4,4,0,2,4,2,4,0,4,1,4,3,2,0,4,0,4,4,3,4,0
81,4,1,0,1,3,4,3,2,3,0,4,3,0,3,4,4,0,3,0,3,4,3,3,4,4,1,1,3,3,4,4,1,4,0,3,1,0,2,4,4,4,2,3,3,3,4,4,0,4,1,4,3,4,3,4,4,3,0,4,4,2,0,0,0,3,0,4,3,4,4,3,1,2,4,1
82,1,1,0,0,1,2,3,4,0,3,3,4,3,4,1,0,0,2,0,2,1,0,3,1,3,3,1,1,1,1,3,3,3,2,3,2,0,2,2,0,1,0,1,1,0,2,0,0,1,0,1,0,2,3,2,1,1,0,1,3,3,1,2,2,4,2,2,1,0,2,3,1,3,0,2
83,3,2,1,4,2,4,2,3,2,1,3,4,3,4,4,3,4,4,4,3,4,3,4,2,3,3,1,4,4,3,4,3,4,3,2,0,2,3,3,4,4,4,3,2,4,2,2,1,3,0,3,3,2,1,4,2,1,0,0,4,0,1,2,2,4,4,3,0,0,4,0,3,0,3,2
84,1,4,4,4,3,3,0,4,0,1,4,0,4,4,3,2,4,4,0,2,1,1,1,2,4,3,4,4,2,2,2,0,1,4,2,2,4,4,4,4,1,3,2,1,4,3,4,3,4,4,1,1,4,2,2,1,4,2,3,0,1,4,1,4,4,4,4,1,4,4,4,0,3,2,4
85,0,1,4,3,3,3,0,1,1,3,1,2,2,2,4,0,0,1,4,1,4,3,0,0,1,2,4,1,1,1,0,2,0,4,3,3,1,3,1,1,0,2,1,3,1,1,4,1,0,1,1,3,0,1,1,1,2,2,2,2,1,2,3,1,2,0,0,2,3,1,1,0,3,3,1
86,1,0,4,3,4,0,4,0,0,4,2,3,0,2,0,2,4,1,4,4,0,2,3,1,4,3,4,4,1,1,1,4,0,2,3,2,2,4,2,4,3,4,2,4,0,1,4,3,4,2,2,0,4,1,2,4,1,0,2,3,2,2,0,0,4,4,2,2,4,3,0,4,2,4,0
87,0,2,1,0,0,0,0,3,4,0,4,0,2,4,2,3,1,0,0,2,0,0,3,3,0,0,3,2,3,2,2,2,0,2,3,0,2,0,2,2,0,3,0,1,1,3,3,4,3,3,4,3,0,0,2,0,2,2,4,0,0,2,3,0,3,2,3,2,4,2,2,2,0,2,4
88,0,3,4,3,2,2,3,2,0,4,1,3,1,0,3,3,2,2,1,0,3,4,3,4,2,2,2,1,0,1,3,2,4,2,0,3,3,3,4,2,1,3,4,3,3,2,2,0,3,3,3,1,3,3,2,4,4,2,3,1,4,0,3,1,1,1,1,2,0,4,4,1,4,2,2
89,4,1,2,1,4,1,3,4,1,1,0,2,0,0,4,2,3,1,0,4,0,4,4,2,1,4,0,0,4,3,1,1,2,3,0,4,4,3,3,3,3,4,0,0,2,2,0,0,3,1,3,1,1,3,0,2,0,2,1,1,1,1,0,3,2,1,0,2,3,0,0,3,2,0,0
90,3,0,1,0,3,3,0,0,2,1,1,4,1,0,0,2,4,1,1,1,0,0,3,3,0,2,1,1,3,1,2,2,3,0,3,3,1,3,2,1,3,3,4,1,3,3,0,1,2,1,1,1,2,1,3,3,1,2,4,1,3,0,0,0,0,2,0,2,2,3,3,2,1,2,3
91,1,3,2,0,1,1,1,2,2,0,2,0,2,0,2,1,2,0,1,2,1,2,4,1,1,1,2,0,0,4,1,2,4,0,1,0,0,2,1,2,1,1,4,1,1,4,2,4,1,0,3,1,1,0,0,0,2,2,0,3,4,3,0,2,1,2,0,3,0,2,4,0,1,0,0
92,3,4,0,1,2,4,4,1,0,3,4,4,3,3,4,3,1,0,0,2,1,4,1,1,3,4,2,3,3,1,4,4,4,1,3,2,3,2,4,3,4,2,4,4,3,3,0,4,4,4,3,3,4,3,2,3,4,4,0,1,3,0,0,0,3,4,3,0,3,3,0,3,0,4,4
93,3,2,4,4,1,1,1,4,1,0,4,1,3,3,0,3,0,4,1,2,0,1,3,0,1,4,2,4,0,3,2,4,0,0,3,4,3,4,0,1,4,3,4,4,0,4,3,4,3,1,1,1,1,0,3,0,2,2,0,1,1,0,4,2,1,0,0,3,0,0,0,2,0,0,4
94,4,4,0,4,1,3,0,0,2,4,1,4,3,0,4,0,1,4,2,1,3,4,4,2,4,0,4,2,1,2,4,1,1,1,1,0,0,1,4,4,4,4,4,4,4,4,3,4,0,4,0,0,4,4,0,0,4,3,0,0,0,3,1,2,2,4,1,3,2,2,0,1,3,4,4
95,1,4,2,1,4,1,4,4,1,1,2,2,0,1,3,1,1,4,3,1,2,1,1,0,4,2,0,2,2,2,3,1,2,4,1,3,4,2,4,2,4,2,2,3,1,0,2,3,2,3,3,2,2,0,3,1,3,0,3,2,1,1,3,4,3,3,1,1,3,1,3,0,0,4,2
96,1,0,0,1,4,1,4,2,1,1,4,1,4,4,1,1,3,4,2,4,4,1,4,4,1,1,3,4,1,1,3,3,0,2,2,1,1,4,0,4,1,1,4,2,2,1,1,1,1,1,1,4,3,0,2,0,1,1,0,0,1,4,3,1,3,2,1,1,4,0,1,1,1,4,4
97,2,4,4,4,0,2,4,0,0,3,0,2,3,4,3,2,2,1,4,2,1,2,1,0,1,0,3,0,3,2,3,3,2,1,2,0,1,0,4,0,2,0,3,2,2,2,0,0,2,4,4,3,4,2,1,1,0,2,2,4,4,1,2,4,2,0,3,1,2,3,1,0,4,4,0
98,1,0,0,0,3,0,0,2,0,2,0,3,3,0,1,1,0,0,0,0,2,0,3,4,3,0,2,0,0,1,1,0,0,0,0,4,0,4,0,0,2,0,0,1,1,3,0,1,1,0,3,0,2,3,2,0,1,1,0,1,1,0,3,1,1,2,0,4,1,1,1,2,3,3,1
99,4,0,4,2,2,2,1,3,0,2,2,2,0,1,0,3,4,3,1,2,2,2,2,0,1,2,2,0,2,4,1,1,1,2,2,2,1,1,0,3,2,2,4,1,0,1,4,2,0,3,1,4,1,1,3,2,1,3,4,1,4,1,1,2,1,2,3,2,1,2,0,1,2,4,4
100,1,2,0,0,0,0,2,1,2,0,0,2,3,0,2,2,1,1,0,1,2,0,0,0,2,2,3,0,0,1,0,1,0,2,0,4,2,2,0,2,2,0,4,2,0,0,2,0,0,1,1,2,2,0,2,1,0,0,1,0,0,4,4,0,2,2,1,3,2,1,3,2,2,0,0
101,2,4,0,0,0,3,2,2,4,4,4,0,3,4,3,4,0,1,1,2,2,2,2,3,3,3,0,3,2,2,0,0,2,2,2,2,0,2,3,0,4,3,3,4,0,0,2,3,0,0,4,3,2,0,3,0,4,4,4,2,3,0,0,1,0,3,2,2,3,0,3,4,3,4,4
102,2,4,4,4,0,1,3,4,3,0,4,2,4,0,0,0,2,2,1,4,1,2,2,3,2,4,2,4,3,4,0,0,0,0,4,4,0,1,3,0,0,4,0,1,4,3,0,3,0,2,4,2,3,0,3,4,3,1,3,3,3,0,0,0,2,3,4,0,1,2,0,0,0,4,3
103,4,3,4,4,4,4,2,4,4,2,3,0,3,4,4,2,4,0,2,2,0,2,3,2,4,2,1,4,2,4,4,0,3,4,1,3,3,2,4,0,2,0,0,2,2,2,1,3,0,4,3,2,3,3,3,0,3,3,0,0,4,2,0,4,4,1,0,1,3,3,2,3,1,2,3
104,0,1,1,1,0,3,3,3,1,3,1,2,2,1,1,2,3,2,2,3,3,3,0,3,0,0,3,3,3,3,3,0,1,3,3,1,3,3,3,1,4,1,3,1,1,2,1,3,3,3,0,1,3,3,3,1,1,1,3,1,1,3,1,3,3,1,3,2,0,3,2,3,3,3,1
105,4,0,3,1,0,4,1,2,4,0,0,4,2,4,1,2,1,1,3,1,0,0,0,3,1,0,2,4,4,0,3,4,3,3,3,4,0,1,1,4,4,3,3,0,1,4,3,3,4,2,0,2,2,0,2,4,3,4,2,2,0,3,1,4,2,2,3,2,2,2,0,0,4,0,0
106,1,2,2,0,2,0,0,1,4,2,1,1,4,1,0,1,1,4,2,1,2,0,4,4,1,4,4,4,0,2,0,1,2,1,4,2,2,4,2,2,4,2,3,2,2,4,1,4,0,4,2,0,4,1,1,4,0,4,0,4,2,4,3,2,4,4,4,1,0,1,1,4,4,1,4
107,2,4,3,3,0,2,3,3,2,3,3,0,0,0,0,3,3,0,1,2,3,0,3,4,3,3,3,4,1,3,3,3,0,3,4,0,0,3,3,3,3,4,2,0,4,2,2,2,2,2,3,4,2,3,4,4,3,2,3,2,1,0,3,1,3,2,3,3,0,4,1,1,2,0,0
108,1,4,3,3,3,0,2,1,2,0,1,2,4,3,0,4,2,0,3,0,2,4,3,2,4,3,2,0,2,3,0,3,0,3,2,4,0,2,4,3,0,0,0,3,4,0,4,1,3,3,3,0,4,0,3,3,3,1,4,0,1,0,0,3,2,0,0,2,2,0,4,3,0,4,0
109,2,3,4,1,2,2,3,2,3,0,2,3,2,0,2,3,1,1,3,4,0,2,1,4,2,4,2,0,4,1,1,2,0,4,3,0,2,0,2,2,2,1,2,1,4,2,4,3,4,4,2,3,3,2,1,2,0,1,3,2,1,4,0,0,0,3,4,4,3,2,1,1,1,1,2
110,3,0,0,2,2,3,2,3,2,2,0,3,2,2,2,0,1,1,2,0,3,1,0,1,2,0,0,0,3,1,0,4,4,3,0,3,0,1,3,0,2,2,3,1,1,2,3,0,0,1,0,4,2,1,4,3,4,3,2,2,1,3,0,3,2,1,0,1,1,1,2,3,2,2,1
111,1,1,3,1,1,1,0,4,3,0,3,1,4,0,0,1,3,3,0,1,1,1,4,4,4,0,3,3,1,0,1,0,1,0,3,2,0,3,1,3,0,2,1,1,3,4,1,3,4,0,3,4,3,0,2,0,1,0,3,4,2,3,3,4,1,3,3,3,3,0,1,1,3,0,0
112,4,2,3,4,2,1,1,4,0,0,4,3,3,3,1,4,4,3,4,3,4,4,2,3,1,1,4,3,1,0,4,0,2,3,4,4,2,4,2,1,1,4,0,3,3,1,2,4,4,4,0,1,4,0,4,0,1,2,1,4,3,1,4,2,4,4,1,1,1,1,4,1,2,4,2
113,4,2,3,4,1,3,2,3,4,4,1,2,4,0,1,3,4,0,4,0,0,0,4,4,3,2,0,3,0,3,2,0,4,3,0,3,3,3,0,4,0,0,3,2,3,3,4,3,2,1,3,1,3,3,3,3,0,1,1,3,4,3,3,4,3,4,0,3,3,4,3,4,0,1,4
114,4,2,3,2,3,2,2,1,2,3,1,3,3,2,3,2,2,3,0,1,1,4,2,0,4,4,3,3,3,2,2,4,3,2,3,1,1,4,1,2,3,2,2,4,1,2,2,2,2,0,2,2,2,3,4,3,1,3,3,4,3,3,3,3,4,2,2,4,2,2,2,1,4,2,1
115,4,1,1,2,4,4,1,1,4,2,0,0,0,0,2,3,4,2,2,4,2,0,2,4,1,1,2,2,0,4,0,2,4,4,1,3,0,0,2,2,4,4,1,0,1,1,1,4,4,1,2,0,0,0,1,1,1,0,2,3,4,0,3,3,2,1,1,2,4,0,1,0,3,1,0
116,4,4,0,0,2,0,4,3,3,2,4,0,2,3,2,4,4,0,4,0,0,0,2,0,4,0,0,0,0,2,4,4,2,2,3,2,2,2,1,4,4,1,4,1,3,0,1,4,4,0,4,3,1,0,0,4,1,3,2,0,0,0,0,1,2,4,4,4,0,2,1,4,0,4,4
117,4,3,2,1,0,3,0,1,2,4,3,4,0,2,0,4,1,0,3,0,2,4,4,0,4,3,4,3,1,4,4,4,2,3,2,4,4,2,4,4,1,2,1,4,4,0,4,4,4,2,0,0,2,2,2,4,0,1,4,4,4,3,2,4,2,4,3,4,0,2,2,4,4,1,3
118,2,1,4,2,2,3,4,0,2,2,3,2,4,2,2,2,4,2,2,4,4,2,2,1,1,2,2,4,1,2,0,4,4,0,3,4,1,2,4,3,2,2,1,3,3,0,4,1,4,2,2,1,2,3,2,2,0,4,2,2,1,1,3,4,4,1,1,0,1,1,0,1,1,3,4
119,1,1,3,1,3,2,4,1,0,0,3,3,3,2,3,3,1,4,3,4,3,3,1,1,3,4,3,1,4,4,4,3,3,4,3,0,2,4,2,3,1,0,3,3,2,0,3,1,0,1,3,4,4,2,4,0,4,1,3,3,2,1,3,3,3,3,0,3,4,3,0,0,3,4,0
120,1,1,2,0,1,1,0,3,4,2,0,4,4,3,3,2,0,0,3,4,1,3,0,1,4,1,3,0,3,1,1,4,4,0,0,4,4,4,4,0,0,0,0,4,0,2,3,0,3,1,3,0,3,3,1,3,1,4,4,0,4,3,3,3,0,2,0,3,3,2,1,4,2,4,1
121,1,2,0,2,2,1,3,2,2,0,1,2,0,0,2,2,0,2,0,1,2,2,4,0,2,2,0,4,2,2,1,1,0,2,2,2,2,4,2,3,2,0,4,0,0,2,0,0,1,2,4,1,2,4,4,1,2,2,4,0,3,4,2,4,2,4,2,0,2,4,0,4,1,2,1
122,2,3,4,0,3,3,1,4,2,0,0,3,3,3,3,1,3,0,3,1,3,3,1,0,0,0,0,3,4,3,0,0,2,0,2,3,0,3,3,0,2,4,0,3,0,4,2,1,3,0,4,3,3,0,0,2,3,0,2,0,0,3,3,3,2,4,4,0,3,4,0,2,4,0,3
123,3,3,3,2,4,2,1,2,1,0,1,3,4,3,0,0,3,2,4,1,1,0,2,3,0,0,1,0,0,1,2,1,0,0,1,2,0,3,2,0,1,0,1,3,1,1,3,1,0,3,4,0,0,3,3,0,3,1,2,2,1,2,1,1,0,1,0,0,3,4,3,0,3,0,4
124,1,0,2,1,4,0,1,2,3,2,1,4,0,4,1,1,0,3,2,1,0,3,0,2,3,0,3,1,4,0,3,4,3,0,3,0,0,0,0,4,4,3,2,0,3,0,2,0,4,1,3,4,3,0,1,0,1,3,4,1,0,1,0,1,0,0,2,4,3,0,3,0,1,2,2
125,2,1,2,3,4,2,0,3,1,4,2,1,4,2,2,2,3,2,3,2,3,1,1,1,1,2,1,3,4,4,0,2,4,2,3,2,2,2,3,4,1,4,3,1,2,1,2,3,1,2,1,1,4,1,2,3,1,3,1,3,2,2,1,3,1,2,1,1,2,2,0,4,2,2,2
126,0,4,0,0,4,3,3,0,0,0,1,3,4,0,0,1,3,0,0,4,3,4,3,0,0,2,4,0,0,3,4,2,2,3,3,2,1,4,1,1,0,3,4,1,4,1,3,0,3,0,0,3,4,4,0,0,0,4,4,3,2,3,2,0,2,3,3,0,4,3,1,1,3,3,3
127,3,3,1,0,1,2,1,3,2,3,0,2,4,2,1,1,3,2,0,3,1,3,2,3,2,2,4,1,1,4,4,0,1,0,1,0,2,2,4,3,0,3,3,2,3,3,0,2,3,0,4,0,1,0,1,3,3,3,4,3,4,4,2,4,4,3,0,1,3,4,3,0,4,4,3
128,3,3,2,3,3,2,0,2,3,3,3,1,2,2,0,2,4,2,3,3,0,4,2,4,4,0,3,3,4,2,2,1,4,2,2,1,4,3,2,2,1,3,3,4,2,4,3,4,4,3,3,2,1,1,4,4,4,3,4,3,4,2,3,2,4,4,4,3,3,3,2,1,3,4,3
129,0,3,0,0,1,1,0,1,1,0,0,2,1,4,2,0,4,2,1,3,0,0,3,4,4,1,3,1,1,1,3,4,3,3,0,1,4,1,1,3,4,4,4,1,1,3,4,3,4,0,0,0,3,3,0,1,4,4,1,0,3,3,1,0,0,0,0,3,0,1,1,2,4,0,0
130,2,2,4,4,0,2,4,2,1,4,1,4,0,1,3,1,2,0,4,2,4,2,2,4,2,2,2,0,1,4,0,2,4,1,3,3,1,2,1,1,4,0,4,0,2,2,0,2,4,2,2,2,2,2,1,4,4,3,2,1,4,0,0,1,1,2,4,0,0,1,2,2,3,2,2
131,4,4,3,1,2,2,3,3,3,0,1,4,4,1,2,4,4,3,2,3,3,0,2,2,2,2,2,2,1,1,1,2,1,0,2,4,2,2,0,3,3,2,3,3,1,2,4,1,3,3,1,2,0,0,4,1,2,3,1,1,4,2,2,4,2,0,2,1,2,0,1,3,2,0,0
132,2,2,3,3,3,2,2,3,4,3,1,1,4,2,3,1,0,4,2,0,2,2,0,3,0,1,2,3,0,1,3,4,2,0,1,4,1,2,2,0,4,3,4,1,1,3,3,4,0,0,3,4,2,2,0,3,3,0,4,3,2,2,0,4,1,3,3,3,3,4,3,0,3,1,4
133,3,0,1,2,0,2,3,4,2,3,2,1,4,2,3,1,2,3,1,3,1,3,1,4,3,3,1,2,4,0,3,1,3,4,3,2,4,3,0,1,3,3,3,4,1,1,0,3,2,3,4,2,3,3,0,1,2,4,3,0,1,3,2,4,1,0,4,0,4,3,0,2,1,4,0
134,0,1,2,0,4,0,2,0,3,2,3,1,0,2,2,4,0,2,4,0,4,0,3,0,3,0,2,2,0,3,0,3,0,0,4,3,0,3,3,0,0,4,0,4,0,3,0,4,0,2,1,2,2,0,0,2,4,1,2,4,0,3,3,4,3,2,0,2,0,0,3,4,4,4,0
135,4,1,4,4,0,4,3,1,4,4,4,2,1,0,4,2,3,0,2,4,1,1,0,3,2,4,1,1,0,1,0,4,0,3,2,0,4,2,3,4,0,2,1,3,4,2,1,4,4,0,2,3,0,4,1,0,4,3,0,4,0,2,3,0,4,0,3,0,1,4,3,3,2,4,3
136,4,2,2,1,0,1,2,1,3,0,4,0,3,1,1,0,0,3,1,1,1,0,2,1,1,0,2,0,0,0,3,3,0,0,0,2,0,0,2,0,1,1,3,1,2,4,0,0,0,1,0,1,0,4,0,4,1,0,0,2,1,0,1,1,0,0,0,0,4,1,4,0,3,0,0
137,1,4,4,0,3,4,4,2,1,4,4,0,3,1,3,3,2,4,4,4,0,1,2,0,0,2,2,4,2,4,2,4,2,4,3,3,4,4,1,1,4,0,0,0,4,0,1,0,3,0,0,1,2,4,2,4,2,0,4,2,3,4,3,1,2,3,4,2,4,2,4,2,4,1,4
138,4,0,4,1,4,0,1,1,4,3,1,0,3,1,1,0,2,2,4,2,4,3,4,0,1,3,3,4,2,1,4,2,1,2,1,4,0,4,0,3,2,0,4,4,3,2,1,0,3,0,3,4,2,3,4,0,2,1,4,3,3,0,0,0,2,1,1,0,1,1,0,4,3,4,2
139,3,0,4,3,0,4,3,4,3,1,2,3,4,0,0,3,3,0,2,0,4,2,4,4,1,1,3,2,0,3,1,1,4,3,4,2,2,1,4,2,4,4,3,3,4,0,2,2,1,4,2,4,3,0,2,3,3,0,3,0,2,2,4,3,0,2,2,3,1,3,3,2,1,2,3
140,0,2,4,2,4,1,2,3,2,0,0,0,2,2,3,4,4,3,4,4,4,0,3,4,2,1,4,2,1,0,2,3,2,0,3,3,4,3,0,3,1,1,0,3,2,2,4,2,0,2,1,1,0,0,3,2,2,0,3,1,4,2,1,0,0,1,1,1,4,0,2,2,3,0,2
141,0,3,1,0,0,1,0,3,0,3,0,3,1,1,1,0,0,2,0,3,3,3,1,3,2,2,1,2,2,1,1,1,4,1,1,0,1,2,2,1,3,4,1,4,0,3,2,4,2,4,3,1,3,2,4,4,0,0,1,0,2,0,3,2,4,2,3,3,3,0,1,4,2,1,1
142,1,2,1,4,2,1,1,0,4,3,0,4,0,4,4,2,4,1,1,4,4,4,3,3,4,1,2,4,2,0,4,0,4,4,1,3,2,2,2,1,4,3,0,1,4,0,3,2,4,4,1,0,3,1,2,4,0,4,4,2,4,0,0,4,2,4,1,3,4,4,2,2,2,0,4
143,2,0,2,2,1,2,1,4,2,2,2,1,2,1,3,0,2,1,1,3,1,2,2,3,0,1,3,2,1,0,0,2,2,0,1,3,4,2,4,3,4,0,3,2,2,1,0,0,0,4,3,0,3,1,3,2,4,0,0,3,1,0,0,3,4,0,0,3,0,0,4,0,2,4,3
144,2,3,2,2,3,1,4,3,4,1,1,3,1,3,1,0,1,1,3,3,2,1,1,2,2,1,0,3,2,1,2,2,1,1,4,1,0,0,1,1,1,1,2,3,1,1,3,1,1,1,1,0,1,1,3,2,1,3,1,2,4,1,3,4,3,4,4,1,4,0,3,4,2,1,1
145,0,2,3,3,3,0,1,3,4,0,3,3,2,1,1,1,2,1,0,3,0,3,0,0,2,3,2,3,4,1,2,0,2,3,3,2,2,3,3,0,3,2,0,0,2,0,3,0,3,0,1,1,4,0,3,3,1,3,3,1,0,3,3,1,0,2,1,3,1,3,3,3,3,2,4
146,0,1,3,3,3,2,4,4,1,1,1,0,0,4,4,4,1,4,4,4,2,1,0,4,4,2,4,4,0,0,4,0,2,4,1,4,0,3,2,0,1,2,1,1,2,4,4,4,1,3,1,0,0,0,4,0,4,4,2,1,1,4,2,1,3,1,4,3,1,0,0,1,4,4,2
147,0,0,0,2,0,3,3,3,4,4,4,2,0,2,0,3,0,3,2,0,0,4,3,4,0,0,3,4,4,4,0,2,3,0,0,2,2,1,2,4,0,0,3,1,1,4,4,0,4,0,2,2,4,4,3,4,3,3,2,3,0,0,0,1,0,1,4,4,2,3,0,4,3,4,0
148,4,2,2,2,2,3,2,1,0,0,1,2,4,2,4,2,4,2,0,4,0,2,3,0,2,3,0,3,1,4,3,4,0,4,2,3,3,2,2,3,4,2,2,2,0,2,4,2,4,3,4,2,3,1,2,3,4,2,2,0,0,4,4,2,1,0,3,3,4,2,0,3,3,2,2
149,0,2,0,2,0,2,2,4,4,2,0,1,2,2,1,1,0,1,2,2,2,0,2,4,1,2,0,2,2,1,1,1,2,2,1,2,2,0,1,1,4,2,2,2,4,2,1,4,1,1,1,2,4,2,4,1,2,0,1,4,4,4,0,1,2,2,2,2,2,4,1,2,2,2,2
150,0,2,2,2,2,1,4,2,0,3,1,4,2,4,4,2,4,0,3,2,0,3,4,4,2,3,4,3,2,1,2,3,4,2,0,0,2,3,2,1,1,0,0,0,1,3,3,2,2,0,2,0,2,2,2,1,2,0,3,3,0,2,4,2,3,2,3,2,2,0,2,1,2,0,4
151,4,1,4,1,2,4,1,4,4,3,4,1,0,2,1,1,3,4,0,3,4,3,4,3,2,3,4,2,4,4,2,3,4,3,1,1,4,0,0,1,3,0,0,4,1,2,1,4,1,1,2,4,4,3,3,4,3,1,3,0,1,4,4,1,1,3,3,1,1,2,1,3,3,2,4
152,1,2,2,4,1,0,3,2,0,0,1,0,1,1,2,2,1,0,0,4,2,2,0,0,3,4,2,1,4,0,0,2,0,3,2,3,4,1,2,2,0,1,0,0,0,0,0,2,2,4,1,3,1,0,3,2,1,1,3,1,0,2,0,0,3,2,2,2,2,1,0,0,2,2,4
153,2,2,4,3,3,3,4,2,0,3,2,0,4,4,2,4,2,3,4,0,3,4,4,0,3,4,0,0,4,4,4,4,3,4,0,4,2,4,1,1,0,2,4,3,4,3,1,3,1,4,0,0,1,3,4,0,4,3,0,0,2,3,0,4,4,0,1,4,2,4,4,4,1,2,0
154,4,3,4,0,0,4,3,3,1,4,4,4,1,0,0,4,3,4,3,4,3,1,0,3,1,0,0,0,1,1,4,1,1,4,2,1,1,3,2,4,2,3,1,2,3,4,4,4,4,0,3,1,1,3,4,0,1,3,4,1,4,4,3,4,4,0,4,1,4,1,1,4,2,1,4
155,0,0,3,0,3,4,1,4,0,0,3,3,0,1,1,0,3,0,0,3,0,0,0,0,0,3,0,0,3,3,0,1,3,0,2,1,1,3,0,1,0,4,3,0,1,4,2,2,0,0,1,3,0,0,3,0,0,0,0,0,2,3,2,3,3,0,0,3,3,2,3,0,3,0,0
156,1,1,3,2,3,3,3,4,4,4,4,4,3,3,4,4,4,3,3,4,3,4,1,4,4,1,2,4,1,2,3,4,1,2,4,1,4,4,4,2,3,4,1,4,2,4,3,4,4,3,1,3,2,4,2,4,4,1,1,4,1,1,3,4,4,1,4,1,1,4,4,4,2,3,1
157,1,4,3,4,0,0,0,2,0,1,4,3,1,1,4,1,2,1,4,2,3,4,1,1,4,1,4,1,0,0,4,4,2,2,0,1,2,1,4,4,2,0,4,2,3,3,4,2,2,1,0,1,4,1,4,2,0,2,2,2,4,4,0,0,2,4,0,1,0,4,4,2,1,0,0
158,1,0,4,2,2,3,0,2,0,0,1,4,1,3,0,0,4,2,0,3,2,2,0,3,4,0,0,0,2,1,2,0,2,4,2,2,3,1,4,4,3,2,1,2,0,3,3,2,4,1,2,2,3,3,4,4,1,3,3,3,4,2,2,4,3,0,3,3,2,0,0,4,0,4,4
159,0,4,0,4,2,4,2,4,3,1,2,3,4,0,0,0,2,0,4,2,4,3,3,2,4,3,4,1,4,1,0,2,3,4,4,1,1,3,4,3,4,2,4,1,1,1,3,2,2,0,1,3,1,2,3,4,4,1,0,3,3,2,4,1,2,3,3,1,0,3,1,4,2,4,2
160,3,3,0,3,2,0,4,1,3,0,3,2,4,0,2,4,0,1,3,4,4,0,0,1,4,4,0,4,3,0,1,2,2,2,0,1,0,2,0,2,4,0,0,0,4,0,4,0,1,2,0,1,4,2,2,1,4,4,2,0,3,0,1,4,0,3,2,2,3,2,4,1,2,3,2
161,2,4,3,0,3,3,4,4,0,3,3,4,0,4,3,2,3,3,3,0,3,4,2,3,3,0,3,3,0,1,0,4,0,0,0,0,2,4,4,3,4,3,3,2,3,0,4,1,0,0,3,3,3,4,4,0,2,1,4,3,0,4,4,4,3,4,4,3,3,3,3,3,3,3,4
162,1,3,4,3,4,2,2,4,4,0,1,3,2,1,4,1,1,3,0,3,0,1,1,2,0,4,1,4,4,3,1,3,0,3,4,0,0,3,1,2,2,1,1,4,1,1,1,4,0,1,1,2,3,2,0,2,3,0,4,4,0,3,2,4,4,2,3,0,0,2,1,4,0,1,1
163,4,0,0,4,0,4,4,0,0,0,3,4,4,0,1,4,3,2,4,3,0,4,4,0,4,2,4,0,0,4,0,1,2,4,0,4,4,4,4,3,2,3,4,3,4,3,4,4,2,0,3,2,0,0,4,3,0,2,4,0,3,0,3,4,4,3,3,2,3,0,0,4,4,4,0
164,1,0,4,4,2,4,4,1,3,0,3,4,1,1,1,3,4,2,4,1,0,1,4,4,2,2,2,2,4,4,4,3,1,4,1,2,4,2,4,1,4,3,2,4,1,1,1,1,3,2,1,3,4,4,1,1,0,4,2,1,4,4,1,4,3,4,4,1,1,2,4,4,1,4,1
165,0,1,4,0,4,0,4,4,1,1,2,1,0,1,3,0,2,0,0,0,0,2,2,0,2,3,2,0,2,1,1,0,1,2,1,0,4,0,1,2,0,0,1,4,3,2,1,0,1,0,1,2,0,3,2,1,0,1,1,3,0,2,4,3,1,1,0,2,3,0,4,0,2,0,0
166,0,0,2,2,4,4,2,1,1,1,2,0,2,3,0,0,4,1,0,2,0,2,0,1,0,1,0,4,3,0,0,0,0,3,4,1,4,3,4,3,4,0,0,2,0,0,0,0,4,3,0,1,0,1,4,3,4,1,4,0,3,3,0,3,4,0,2,3,0,4,0,2,0,0,4
167,3,4,4,4,0,0,2,3,0,2,4,3,0,2,3,2,0,0,4,0,1,4,0,3,4,4,1,4,1,4,2,3,2,0,4,4,3,4,2,1,1,4,0,2,3,4,3,2,1,4,0,4,2,0,1,3,0,3,1,0,0,2,0,2,2,0,0,4,1,0,0,2,3,2,4
168,4,3,2,2,1,2,2,4,4,3,2,4,2,2,2,4,2,2,2,0,2,2,0,3,0,4,1,1,3,0,4,0,1,2,0,0,2,4,0,2,3,4,1,0,3,3,2,2,1,2,3,2,4,1,4,4,3,3,1,4,4,2,1,2,3,4,0,2,4,1,4,4,4,4,0
169,4,4,0,4,2,3,4,2,2,4,2,2,1,3,0,0,1,2,0,0,1,3,3,4,1,0,2,0,4,1,3,4,1,0,1,3,4,4,0,2,4,4,4,2,2,1,2,4,2,0,0,2,4,4,0,1,4,3,0,0,2,1,3,3,2,2,0,0,0,2,2,0,2,1,2
170,1,1,4,0,3,0,2,2,3,0,1,1,0,4,1,0,3,2,4,4,0,2,1,2,1,1,2,2,4,4,1,1,2,1,0,1,1,2,2,3,3,1,4,1,4,3,1,2,0,3,1,1,1,2,3,2,4,1,4,4,1,2,0,4,4,1,1,2,2,1,3,2,4,1,3
171,4,2,4,2,3,1,1,4,1,3,4,2,4,2,3,1,3,3,2,4,3,1,3,2,1,3,2,3,4,1,2,2,2,1,2,0,1,0,0,3,2,1,4,2,0,2,3,1,1,1,2,3,4,1,2,1,2,0,3,1,2,3,3,1,1,3,2,0,3,4,1,1,1,0,2
172,1,0,4,1,3,2,4,4,4,3,0,0,1,2,1,2,0,0,2,2,3,3,2,1,2,4,1,1,4,2,4,4,1,4,0,4,1,2,1,4,1,1,4,2,1,4,1,2,4,1,3,4,0,2,0,0,4,0,4,4,2,2,1,0,1,2,4,0,1,2,1,0,1,0,3
173,0,0,1,2,2,3,3,0,0,3,4,1,3,3,3,3,2,4,4,4,4,2,0,0,1,0,0,3,2,3,3,4,0,3,4,1,3,2,0,2,0,4,1,4,3,3,1,4,2,0,4,3,2,3,0,2,3,3,3,3,2,3,3,4,3,4,0,3,4,4,1,3,4,2,1
174,4,2,0,1,4,2,3,0,1,2,0,4,2,3,3,3,1,3,0,0,1,0,2,4,1,1,1,2,1,2,2,4,1,2,2,3,3,0,4,0,3,4,1,0,4,0,0,0,4,0,3,1,0,2,0,4,0,0,2,2,2,2,3,1,1,1,1,0,4,3,1,2,3,3,2
175,2,2,3,1,1,3,3,0,4,3,0,4,4,4,2,4,0,0,4,0,0,0,2,4,2,1,1,3,3,0,1,1,0,4,4,4,3,1,0,1,4,4,0,0,4,2,0,4,0,3,2,1,4,1,4,0,2,0,0,2,0,4,0,4,0,4,4,1,1,1,1,1,3,2,2
176,4,2,3,4,1,1,4,0,1,1,0,3,1,2,1,0,4,3,4,1,4,1,0,1,4,2,1,0,1,1,2,0,4,2,0,4,0,0,1,0,3,1,1,1,3,4,4,4,1,3,1,1,1,3,4,2,2,3,1,1,3,0,0,0,4,1,4,0,0,4,2,1,1,4,2
177,2,1,0,1,4,4,1,3,1,1,3,2,2,1,0,0,4,1,0,0,0,3,4,2,3,3,3,1,0,0,1,4,1,0,1,3,1,2,1,2,1,0,1,3,3,3,0,1,1,1,1,1,1,3,1,1,0,1,4,4,2,3,4,0,1,0,2,1,1,0,2,3,1,0,2
178,4,0,4,2,4,4,0,0,0,3,1,2,1,1,4,1,1,2,1,0,4,2,4,4,1,2,1,4,2,2,2,2,2,4,2,2,1,4,2,3,2,4,1,1,1,1,2,2,4,1,0,0,0,4,1,0,4,4,4,1,0,1,1,1,4,0,2,4,3,2,1,2,2,0,4
179,3,0,1,1,2,0,1,2,0,1,1,0,1,0,1,3,1,0,0,4,1,0,2,2,4,1,0,0,1,4,3,4,1,1,2,0,2,3,0,1,0,4,4,0,4,0,1,1,4,2,0,3,0,1,2,4,4,1,2,0,4,0,1,1,4,1,0,1,4,2,3,2,1,4,4
180,0,1,1,0,0,1,0,2,3,0,3,1,1,1,4,0,2,1,3,0,1,0,0,1,2,0,0,1,1,0,4,2,0,0,0,3,0,1,1,1,4,0,0,1,1,1,4,0,3,1,0,0,0,2,3,0,4,2,1,0,1,2,2,4,0,0,1,3,1,2,0,0,1,0,0
181,0,3,3,3,1,4,0,1,0,1,0,4,0,3,4,4,0,3,0,3,3,4,0,4,2,1,1,4,1,0,3,2,2,3,3,4,3,0,4,0,3,4,0,0,4,3,3,3,4,2,0,3,3,1,3,0,4,2,3,4,2,2,2,4,0,3,2,2,0,1,4,1,3,0,0
182,0,0,0,0,2,1,2,0,4,0,2,1,4,0,0,2,0,2,0,4,0,2,0,2,2,1,2,2,2,0,0,0,1,0,2,2,0,0,4,2,0,0,3,3,1,0,0,0,4,1,0,0,1,2,2,1,1,0,2,0,2,2,0,0,1,2,2,3,2,0,2,2,0,0,1
183,0,4,4,1,2,1,1,1,1,3,1,4,1,3,2,1,4,1,0,2,1,4,2,1,0,1,3,3,2,1,1,0,1,1,0,2,0,2,1,2,2,4,3,4,0,4,0,4,2,0,4,2,4,4,1,4,1,3,3,3,1,3,4,2,0,0,3,0,3,2,2,3,1,3,4
184,3,2,2,3,3,2,2,2,3,2,4,2,0,3,2,2,4,3,3,2,3,1,1,1,4,4,3,3,4,3,3,3,4,3,3,0,3,3,0,2,2,3,0,4,3,3,0,4,2,4,2,3,1,3,0,3,4,0,4,3,0,0,3,0,3,2,2,3,4,4,3,3,3,3,4
185,4,2,1,1,1,0,0,0,3,1,0,1,3,1,1,3,4,1,4,0,3,1,4,0,1,4,0,4,1,1,0,0,4,0,2,0,1,2,0,1,4,0,1,0,1,0,0,0,0,4,0,0,0,0,4,3,3,3,1,0,3,4,2,3,2,2,1,2,4,2,3,3,4,0,2
186,3,1,2,3,1,0,3,0,4,2,3,3,1,1,4,1,3,2,3,1,0,2,2,0,0,3,0,2,4,2,0,4,1,2,0,3,0,3,3,0,4,0,3,1,2,4,3,0,3,2,2,2,3,0,4,0,2,0,3,2,3,2,3,3,0,4,2,3,3,4,0,2,2,3,4
187,0,2,0,1,4,2,4,2,3,2,0,2,1,3,2,3,4,0,4,3,2,1,0,4,1,2,1,3,3,1,3,2,1,0,4,4,4,1,2,1,4,2,3,0,0,2,4,3,0,2,3,4,0,3,1,4,4,2,3,2,1,0,2,0,3,1,3,0,1,4,3,0,3,3,2
188,0,3,4,0,4,1,2,0,3,0,3,3,0,1,3,2,0,0,4,3,3,4,2,4,3,1,3,0,0,0,0,2,1,0,3,3,1,1,4,3,4,0,3,0,0,3,0,3,0,3,0,2,2,3,4,3,3,0,3,0,4,2,1,0,0,2,3,3,3,0,3,3,3,0,3
189,1,4,4,4,1,1,2,3,4,1,1,4,3,2,1,1,1,3,2,0,1,1,2,2,0,1,0,0,4,1,3,1,0,1,2,2,1,1,2,1,3,4,0,1,2,2,2,2,1,0,0,4,4,2,0,1,1,2,1,1,4,1,1,0,3,1,0,2,4,1,1,1,2,1,1
190,4,3,3,0,4,1,4,4,4,0,0,0,4,3,4,4,3,4,0,4,2,1,1,4,3,0,0,4,3,4,4,4,4,4,0,3,4,0,2,0,1,3,2,0,1,4,4,3,4,0,4,3,4,0,0,0,0,4,1,1,2,3,4,3,3,0,3,4,1,0,1,0,4,4,3
191,4,1,1,1,1,4,4,0,2,4,2,1,1,4,1,4,4,1,4,1,1,0,4,3,4,1,2,4,2,1,4,0,3,3,1,2,1,2,1,0,2,1,0,3,1,1,2,3,3,4,1,1,3,4,3,0,3,3,3,4,3,0,0,1,1,1,3,3,0,3,2,1,4,3,3
192,4,0,4,3,1,2,2,3,0,2,1,0,1,1,2,4,4,4,1,1,0,1,4,1,2,1,0,4,0,1,1,2,4,1,1,2,4,1,1,1,3,2,0,2,4,4,1,0,1,0,0,0,4,4,1,1,3,1,4,1,4,1,4,2,1,0,1,1,0,1,4,1,3,0,4
193,2,0,2,2,0,3,0,2,0,2,0,0,3,0,2,4,0,3,0,0,0,0,0,0,3,0,1,3,2,2,2,4,3,3,3,4,2,0,0,3,0,0,0,0,0,4,0,2,2,0,0,0,0,0,2,0,1,0,1,0,3,0,3,0,4,2,3,0,0,4,0,0,4,4,1
194,0,4,0,4,1,1,2,2,0,3,1,2,1,2,4,4,0,0,3,0,1,1,0,1,0,3,3,3,4,3,4,4,1,4,4,1,2,0,2,3,1,2,2,4,2,3,2,2,2,0,0,4,0,0,0,0,0,4,0,2,1,2,0,1,0,0,0,4,0,4,0,0,2,4,3
195,4,3,3,1,4,3,3,4,1,3,1,2,4,3,1,1,0,4,3,3,4,2,1,4,4,2,4,0,1,1,1,1,3,1,4,3,1,1,2,0,2,1,1,1,1,1,4,3,0,2,1,4,3,3,4,2,1,4,1,3,4,3,4,3,4,3,1,1,4,4,1,0,4,1,0
196,3,0,3,2,1,3,0,1,3,0,1,4,1,3,3,4,2,4,2,3,1,1,4,2,4,0,0,4,2,4,0,2,1,0,2,1,0,4,2,1,1,0,3,0,0,1,0,3,1,2,2,0,1,2,1,3,1,1,1,2,1,3,0,2,2,3,4,0,1,4,2,2,0,4,1
197,0,0,1,1,2,2,3,0,0,2,1,2,4,2,0,2,3,0,2,0,0,1,2,2,2,1,2,2,2,2,0,3,0,0,0,2,0,4,1,0,2,2,2,2,2,4,2,2,1,0,2,2,2,3,3,0,0,4,3,2,2,2,4,2,2,0,2,1,4,2,2,3,0,0,1
198,3,0,3,3,1,1,1,1,2,0,0,3,2,4,1,3,4,0,3,2,1,1,4,2,2,1,0,3,4,1,3,4,3,2,0,4,0,0,1,3,4,1,4,4,4,0,2,1,4,2,1,0,2,4,4,1,4,3,0,3,4,4,3,4,3,2,1,0,4,4,1,0,2,1,2
199,2,1,3,3,4,0,2,4,3,1,4,3,1,3,3,3,3,4,3,2,0,4,1,3,1,0,4,4,2,2,1,3,1,4,2,1,1,4,0,1,1,1,1,0,4,0,3,1,1,4,3,2,3,3,4,1,3,2,3,0,4,4,4,4,0,3,3,3,4,4,2,3,4,1,3
200,2,2,0,2,2,2,0,4,1,2,4,4,0,4,0,0,2,0,4,4,0,2,2,4,4,3,0,1,4,2,0,3,0,2,0,0,4,4,4,0,1,1,1,0,4,4,2,4,4,2,2,4,2,0,2,0,1,4,4,0,1,0,2,2,1,2,4,1,2,4,4,4,3,4,2
201,0,4,1,1,3,2,2,2,1,3,2,2,2,4,4,2,1,0,2,0,1,2,3,0,2,0,0,3,1,0,4,1,4,3,0,3,4,2,3,2,4,4,2,2,2,1,2,2,2,1,1,0,0,0,3,0,2,0,1,1,3,1,0,1,1,4,4,0,0,2,0,1,0,2,1
202,2,2,2,2,3,1,1,2,2,3,1,1,1,2,2,3,4,2,1,3,0,0,0,2,0,0,2,2,1,2,1,3,2,2,1,1,2,0,1,1,3,3,2,1,2,0,1,3,1,0,0,2,0,0,1,1,1,0,2,1,2,2,1,2,1,2,1,3,2,0,1,2,2,0,3
203,1,0,1,0,4,4,4,1,0,1,1,0,1,0,4,1,0,1,2,1,1,4,1,2,3,0,4,1,3,4,0,1,1,4,1,2,0,2,1,1,3,4,1,1,0,3,1,3,1,0,0,1,1,1,4,1,1,0,3,1,2,1,3,4,1,0,0,1,4,3,4,0,0,0,1
204,1,0,4,1,2,1,4,2,3,3,0,1,3,3,3,0,3,1,1,2,3,1,1,2,2,1,1,1,1,1,3,2,2,2,1,1,0,1,1,0,0,3,2,2,3,3,2,3,2,1,1,1,1,1,1,1,0,0,1,0,1,1,3,3,1,0,1,3,1,0,4,2,3,0,2
205,4,4,3,1,0,2,4,2,3,2,4,2,3,4,1,4,0,4,0,1,2,2,4,2,3,3,4,1,3,0,3,3,3,3,2,1,3,0,2,0,3,1,0,4,2,3,2,4,2,2,4,4,0,2,4,0,1,2,0,0,1,3,3,0,0,3,2,0,4,1,4,2,4,0,1
206,3,4,4,4,1,4,4,4,3,3,4,3,4,4,4,2,4,2,0,4,2,3,4,4,4,4,4,3,4,4,0,2,0,4,4,4,0,2,4,4,4,1,4,2,2,2,4,2,0,2,4,0,4,2,2,2,2,0,2,0,4,4,0,4,4,3,1,4,4,3,2,3,2,4,2
207,2,3,3,2,0,4,0,2,4,3,0,0,2,0,4,4,0,2,3,2,2,0,2,0,2,1,2,0,2,2,3,3,2,4,2,4,2,2,3,2,4,4,3,2,2,2,2,0,2,2,0,2,4,4,2,4,2,2,0,2,2,2,3,2,3,2,2,4,2,4,2,4,0,2,2
208,1,1,4,1,2,1,3,1,1,1,0,1,2,1,4,1,2,4,1,1,1,1,0,3,0,1,2,1,0,2,2,1,0,1,1,4,1,3,4,2,1,3,1,1,4,4,3,2,2,1,1,1,1,3,4,4,1,2,1,3,4,4,2,1,2,1,2,4,4,1,2,3,1,2,0
209,2,2,3,4,1,0,3,2,4,2,0,1,1,2,4,3,1,1,4,3,1,4,3,4,2,3,1,4,4,3,3,3,3,3,3,3,3,3,4,2,4,1,3,0,1,0,3,4,3,3,3,1,3,2,1,4,4,0,3,4,4,2,2,1,3,4,4,1,3,3,1,2,3,2,3
210,2,2,1,4,2,1,3,2,2,4,0,0,2,4,0,0,2,1,2,4,4,2,3,1,3,3,2,0,2,0,3,2,2,2,2,2,2,4,2,2,2,4,1,3,2,3,2,2,2,1,2,1,3,2,3,2,3,1,2,2,1,2,0,1,1,0,3,2,3,4,4,1,2,1,0
211,2,1,2,1,3,2,3,4,0,1,2,3,2,3,3,2,3,2,2,0,2,1,0,2,3,2,2,3,2,4,2,0,2,1,2,1,3,3,2,2,1,2,0,4,2,3,2,1,3,3,2,1,0,1,4,2,2,4,1,2,1,2,4,4,4,3,2,3,3,3,0,2,3,3,3
212,2,1,4,2,1,0,0,2,1,2,2,3,2,1,0,2,3,1,3,1,2,3,4,4,4,3,1,0,1,1,1,3,2,2,1,4,0,2,2,1,2,1,4,1,0,2,2,4,4,1,2,4,1,3,0,3,0,3,2,1,2,3,1,2,1,4,0,2,1,1,3,4,2,0,2
213,3,4,3,4,0,1,1,0,1,1,1,3,2,1,1,1,0,2,1,1,1,2,2,1,0,1,2,4,0,2,0,0,1,1,0,4,3,2,0,1,1,0,4,1,1,2,3,3,0,1,3,2,1,3,2,1,3,1,1,1,1,1,1,2,2,1,0,4,2,1,0,1,3,2,1
214,2,3,2,2,3,3,0,4,4,2,3,2,4,4,2,2,4,2,2,3,3,4,2,2,2,1,3,2,2,4,1,3,1,1,3,0,2,2,3,2,4,2,2,2,1,1,3,4,2,1,2,1,1,2,3,1,2,2,4,0,4,4,1,1,4,1,2,3,0,4,0,1,2,4,1
215,2,4,4,3,2,1,3,3,3,0,3,1,3,3,0,3,3,3,2,1,3,3,3,2,1,3,3,0,3,3,2,4,2,2,3,2,2,4,3,2,1,3,3,3,3,3,1,2,1,3,3,0,3,3,1,4,2,3,3,3,1,3,3,3,3,4,3,3,1,3,4,1,3,3,3
216,3,0,1,4,4,2,4,3,1,1,3,1,2,3,3,1,0,1,4,4,1,4,0,4,1,4,2,3,3,4,3,1,3,0,3,1,2,3,3,0,3,1,4,3,3,1,1,2,2,4,2,0,2,0,0,0,1,2,4,3,4,4,4,3,2,4,3,3,0,3,1,4,3,3,2
217,0,4,2,2,2,3,2,1,3,2,4,4,2,0,1,2,3,2,2,4,0,1,2,3,1,1,2,0,2,4,4,0,1,0,2,1,2,4,1,2,1,4,3,1,3,4,3,1,3,3,3,1,3,1,2,0,1,2,2,4,2,0,4,0,2,0,4,0,2,0,0,2,1,4,3
218,2,2,4,1,4,1,2,2,2,3,4,2,2,2,2,2,2,2,0,1,2,3,2,2,3,0,0,0,1,3,0,0,2,3,2,4,0,2,3,3,0,3,2,2,1,2,2,4,1,2,4,2,2,4,4,3,2,0,2,2,2,0,2,1,2,2,1,1,3,0,0,1,2,2,1
219,4,2,4,2,1,2,4,0,4,4,2,1,2,2,1,1,2,4,1,1,2,4,1,1,2,2,4,2,1,2,4,4,2,4,0,4,0,4,4,1,1,2,1,4,4,1,2,4,4,4,1,1,1,4,2,1,2,1,1,1,4,4,4,2,4,3,2,1,1,2,2,3,1,1,4
220,4,2,3,1,3,1,2,3,2,1,3,0,2,2,2,4,3,2,1,4,3,2,2,3,0,1,2,1,3,2,2,2,3,1,2,4,3,2,2,4,3,2,0,3,4,2,2,1,1,1,2,4,4,1,1,4,1,2,2,2,4,1,3,3,1,4,1,4,2,1,2,3,0,1,3
221,2,0,4,1,2,0,2,4,1,2,4,0,0,1,0,1,3,0,4,0,3,0,0,2,1,1,2,0,0,4,1,3,1,0,2,4,0,2,1,0,0,0,0,1,1,0,0,1,0,4,2,0,4,3,1,3,1,1,2,0,0,3,2,1,1,0,1,0,1,4,1,3,4,4,4
222,2,4,4,1,3,3,4,3,1,0,3,4,2,3,2,3,4,1,2,1,1,3,1,2,2,3,3,2,3,3,3,2,2,2,3,3,1,4,3,4,1,2,1,3,1,2,2,2,3,1,2,0,0,3,4,4,1,3,4,3,3,2,4,2,3,2,4,4,2,2,4,3,0,4,2
223,3,0,4,1,0,4,4,0,0,0,1,4,3,3,2,0,2,0,0,3,0,3,0,2,3,3,2,4,2,3,0,3,4,1,4,0,0,3,3,4,4,0,1,1,1,3,2,0,4,0,4,0,1,0,4,1,4,2,3,0,3,4,2,0,3,0,1,3,3,3,2,3,1,1,0
224,2,3,2,2,2,3,1,0,1,2,1,3,4,3,4,2,1,0,1,0,1,3,4,4,1,4,0,1,3,1,0,4,1,1,1,2,2,0,2,3,4,4,2,4,2,2,4,4,3,2,4,0,4,4,2,0,0,4,1,1,3,1,2,2,1,0,0,2,0,2,0,4,1,2,3
225,3,4,2,2,3,0,1,0,1,4,2,0,3,1,1,2,4,2,3,1,3,0,2,2,4,0,0,1,0,2,1,4,1,1,0,2,3,3,2,1,1,3,1,3,4,3,3,2,4,4,1,4,2,3,4,1,1,2,0,0,4,1,2,1,0,1,3,1,3,3,3,1,1,4,2
226,0,4,1,3,0,1,2,3,0,3,4,4,2,0,4,0,4,3,4,3,0,0,2,0,3,3,0,0,3,3,4,4,3,0,0,0,2,0,0,1,0,3,3,1,2,4,0,0,3,0,1,2,0,1,3,4,3,1,1,0,0,2,4,0,1,1,4,4,1,3,0,3,4,1,3
227,2,2,0,2,2,1,1,2,2,0,3,0,3,1,0,4,4,0,2,4,0,3,3,4,3,2,1,2,3,1,1,2,4,2,3,3,3,3,0,3,2,1,3,3,3,0,0,1,0,2,4,2,3,1,2,3,3,0,1,3,1,1,3,4,2,1,4,2,3,3,2,2,2,2,2
228,3,3,4,0,2,3,3,3,4,4,0,3,1,4,3,1,0,3,1,1,3,4,1,4,4,3,1,4,3,4,4,4,3,2,3,3,4,3,3,3,1,3,3,3,3,1,1,4,4,2,3,4,3,4,4,1,3,3,1,1,3,3,4,3,3,4,2,1,4,1,1,4,4,1,3
229,2,4,2,4,4,0,2,4,2,1,4,4,2,0,4,4,4,1,0,0,2,0,4,1,1,0,1,4,3,4,1,4,2,1,0,4,4,1,4,0,1,0,0,4,0,1,2,4,4,1,0,2,1,2,1,2,4,4,2,4,1,0,4,0,2,1,4,4,4,4,2,2,1,1,0
230,0,2,0,4,2,4,3,0,1,4,3,0,1,3,1,2,4,4,3,2,4,2,4,4,2,1,4,4,1,4,3,1,1,4,1,3,3,3,2,4,3,4,1,4,1,2,4,0,2,1,1,3,0,2,3,1,0,3,3,4,3,3,0,2,0,1,1,1,0,2,1,4,3,1,4
231,3,4,2,3,2,3,3,2,2,2,2,3,1,0,2,2,1,1,4,2,1,4,3,2,4,2,3,2,3,2,3,2,2,2,2,4,1,2,1,2,1,2,2,2,2,2,2,2,0,2,1,2,2,3,2,1,2,1,2,3,4,3,2,2,2,2,2,1,1,2,2,2,2,2,2
232,4,2,4,2,0,4,3,1,1,2,3,0,3,0,0,2,4,0,1,4,4,1,1,2,3,1,0,4,3,3,0,0,2,0,2,2,1,0,3,4,2,1,0,3,4,2,0,1,0,2,3,3,3,4,1,3,2,0,3,3,0,0,4,2,3,2,3,3,1,1,3,1,3,0,4
233,2,4,4,1,3,4,4,4,0,0,1,4,4,1,0,4,2,4,0,2,0,0,4,2,0,1,0,0,4,4,0,4,0,0,4,0,0,0,4,3,4,4,1,0,0,0,0,3,4,1,0,0,3,0,0,0,2,3,0,4,4,3,4,4,0,4,2,0,1,0,0,3,4,0,2
234,3,2,3,3,0,3,2,0,2,4,0,2,4,0,4,4,0,0,4,4,4,3,4,2,4,4,0,0,3,0,3,2,4,4,3,0,3,2,0,4,3,2,2,2,2,2,4,4,3,2,0,3,3,2,4,0,3,4,3,1,0,2,3,2,2,4,2,3,0,3,0,1,1,4,1
235,3,3,4,4,1,3,2,2,3,3,3,1,2,4,3,1,0,2,3,3,3,0,3,2,3,0,4,3,0,2,2,1,3,2,1,2,2,2,1,3,1,0,1,3,4,4,4,4,2,2,4,4,1,1,4,1,2,1,0,3,4,4,4,4,4,2,3,3,4,4,3,1,4,4,0
236,3,4,3,3,0,0,3,3,3,2,4,2,2,1,4,0,3,2,1,0,3,0,3,3,1,2,3,4,4,2,4,1,4,2,3,3,2,1,0,1,3,2,2,0,2,0,2,2,0,0,0,1,2,2,3,3,2,1,1,2,1,0,0,2,0,3,3,4,2,1,2,1,3,3,0
237,0,2,4,1,1,0,1,1,0,3,2,3,1,0,1,4,4,1,0,3,3,2,3,4,1,1,2,1,0,2,3,0,1,3,4,3,3,1,2,4,2,3,0,2,3,3,3,1,4,3,0,3,3,1,4,4,2,3,0,3,3,3,4,4,3,1,0,0,1,0,3,3,1,3,1
238,0,1,4,4,0,4,2,4,2,0,0,4,4,4,0,4,4,0,4,1,1,2,4,0,2,1,2,3,0,4,4,0,0,4,1,4,4,0,1,0,4,4,3,4,4,2,4,4,2,3,3,4,4,2,4,4,1,0,4,1,0,3,0,4,4,4,4,1,4,4,0,3,3,4,4
239,4,1,4,4,3,2,1,1,1,1,1,3,0,3,4,4,3,3,4,4,4,3,0,4,1,3,1,2,3,0,3,0,4,4,1,3,0,3,3,0,3,4,1,4,0,3,4,4,4,1,1,0,3,4,4,3,1,1,4,4,1,0,3,1,4,1,1,0,4,1,1,2,0,4,1
240,3,4,3,1,1,1,2,0,3,0,3,3,3,1,3,3,3,2,0,3,3,3,3,3,3,3,4,3,3,1,3,4,3,3,3,3,1,3,4,3,1,3,3,3,3,1,0,1,4,3,2,3,3,3,1,2,1,3,3,3,3,3,1,3,3,1,0,1,1,4,3,1,2,3,3
241,0,0,0,0,2,0,4,0,4,1,1,2,4,2,3,2,1,2,0,2,0,0,1,4,4,2,0,3,4,0,4,0,1,4,1,2,0,1,3,3,0,2,3,3,1,4,0,4,3,4,3,2,2,1,3,0,0,3,3,4,3,2,4,2,2,2,1,3,4,3,2,3,3,4,2
242,0,3,3,0,3,0,2,1,0,2,1,4,2,4,4,4,4,2,0,1,4,4,2,4,4,2,4,3,1,0,4,0,3,1,4,3,3,3,0,3,1,4,2,3,2,2,4,4,2,1,1,3,3,4,2,4,2,0,0,3,4,2,2,0,1,2,2,4,3,2,0,0,2,0,2
243,1,0,4,2,4,4,1,0,4,3,1,4,0,0,3,1,3,0,4,4,3,0,1,3,4,1,4,4,0,0,0,0,0,0,4,3,1,4,0,0,0,1,0,0,4,4,0,4,4,0,3,3,0,0,3,3,0,4,1,4,0,0,3,3,2,3,3,4,4,1,1,1,4,4,0
244,0,4,2,2,3,0,0,4,4,1,3,0,4,2,2,4,0,1,4,0,1,0,4,2,0,1,1,1,4,4,3,1,0,1,0,3,1,1,1,0,4,3,3,3,1,3,2,3,2,3,4,4,2,1,2,4,1,4,0,4,1,0,1,2,0,1,1,3,4,4,4,0,0,2,2
245,1,3,1,3,2,2,1,2,4,0,1,4,2,4,1,1,4,4,3,0,1,0,2,2,0,0,0,1,1,1,2,4,2,1,2,1,0,1,0,4,1,2,2,3,4,0,1,0,2,3,0,3,0,2,0,3,3,2,2,2,1,2,2,2,2,2,4,1,4,2,4,1,2,4,4
246,1,0,4,0,0,2,2,0,1,1,2,1,1,2,1,2,2,1,1,1,1,4,0,0,0,0,1,0,0,1,4,0,0,1,1,0,1,2,4,2,2,0,1,2,0,0,2,2,0,0,1,1,2,3,1,1,0,0,1,1,0,4,1,1,4,1,1,4,3,3,4,0,2,3,0
247,0,0,3,0,0,2,4,2,1,2,0,0,0,0,0,0,1,2,0,0,2,3,4,1,1,2,1,0,0,1,0,1,0,1,3,0,2,0,0,4,0,2,0,2,0,0,1,2,0,0,0,0,3,0,2,0,0,0,0,4,4,2,0,1,0,0,0,0,4,0,4,0,3,0,3
248,4,4,3,4,3,3,4,3,3,4,0,1,4,4,3,1,3,0,4,4,3,3,3,4,0,1,4,1,4,1,4,4,0,1,3,3,3,2,3,4,3,3,0,3,4,4,0,4,4,4,4,3,0,3,3,3,2,1,4,4,0,0,4,3,4,4,4,2,4,3,1,3,4,3,1
249,3,3,3,0,3,2,1,2,3,0,4,2,3,0,3,3,3,3,0,0,3,4,3,3,4,3,2,3,3,3,2,0,3,0,3,0,4,2,4,0,3,3,4,3,4,4,3,4,3,2,3,1,2,4,3,0,4,4,4,4,4,0,3,3,2,4,4,3,0,3,4,4,2,3,2
250,0,4,0,1,3,3,1,1,0,4,1,1,1,4,1,3,2,0,4,1,4,4,4,3,4,1,4,3,3,3,4,4,2,4,0,3,2,3,0,1,1,3,1,1,3,1,4,2,1,1,3,3,3,0,0,3,2,2,3,3,4,3,4,3,3,1,1,3,2,4,4,3,3,4,1
251,1,4,1,4,4,2,4,3,1,3,4,4,1,2,0,2,3,0,1,2,2,4,2,2,3,1,4,3,1,3,0,3,3,1,1,3,2,2,4,0,1,4,3,2,2,2,3,0,1,1,1,2,4,1,3,4,0,0,4,4,0,4,3,1,4,4,1,3,0,1,0,2,2,2,4
252,4,3,2,1,4,3,1,1,2,2,2,3,1,1,0,4,1,4,4,0,1,1,2,4,0,0,4,4,3,0,0,1,2,4,4,2,2,2,4,2,2,3,0,0,0,1,1,4,0,3,1,0,1,2,4,4,4,2,4,4,2,4,2,3,1,1,2,4,2,2,3,4,2,4,2
253,2,1,0,3,3,2,1,1,4,0,3,1,1,2,2,0,3,1,0,3,4,2,2,2,1,4,2,2,2,4,3,4,3,4,0,1,2,1,4,3,0,0,2,0,4,0,1,0,2,0,3,3,2,3,0,3,3,1,2,1,0,1,0,2,2,4,4,0,2,0,3,3,1,1,0
254,3,4,4,4,3,3,2,0,4,4,3,0,3,3,0,0,4,3,4,3,4,3,4,3,2,4,0,4,2,3,3,0,0,2,4,1,4,2,1,0,1,4,3,4,0,4,3,0,4,2,2,2,4,4,4,4,3,3,0,4,3,0,1,3,1,0,2,0,0,3,2,1,3,3,0
255,1,2,3,3,3,1,4,1,1,3,0,0,1,0,2,4,2,3,1,3,1,1,2,1,1,2,2,1,3,1,2,3,2,1,1,1,2,0,0,1,3,3,0,1,1,2,0,2,1,1,3,3,4,4,3,1,1,0,1,4,3,4,3,2,4,3,3,3,0,2,1,0,2,3,3
256,4,3,2,3,3,1,1,3,0,1,1,1,3,4,3,0,1,0,2,2,2,3,2,0,4,0,4,2,2,3,1,4,0,1,0,3,1,1,4,3,3,1,1,1,0,0,2,1,1,1,0,0,2,1,1,0,3,4,4,3,3,4,2,0,1,2,4,0,1,0,0,3,2,0,1
257,4,0,1,3,2,4,0,0,4,2,2,4,4,2,3,4,0,3,4,3,3,4,4,4,1,4,2,4,4,2,2,4,1,1,2,2,2,4,1,1,4,4,1,1,4,0,4,1,0,0,2,0,2,0,4,1,2,0,4,1,0,0,2,4,0,2,2,4,0,4,2,4,4,1,2
258,3,1,2,1,4,0,4,3,2,2,1,1,2,3,3,0,4,0,1,1,0,2,2,1,0,4,3,4,2,4,3,0,1,1,1,2,3,0,1,3,2,1,0,0,3,1,3,1,2,4,0,2,3,3,3,4,1,4,3,0,4,3,1,1,3,1,1,1,2,4,3,2,2,2,3
259,0,4,0,1,1,0,1,2,0,4,0,1,4,2,4,1,1,2,0,3,1,3,3,0,0,0,4,0,1,1,1,4,4,3,4,1,4,0,1,4,1,4,2,4,3,3,2,1,2,2,1,3,1,1,1,0,0,4,4,3,0,3,0,4,3,4,0,2,4,1,3,4,0,0,4
260,0,4,1,2,1,1,2,1,1,1,1,2,0,2,2,1,1,4,0,1,1,1,2,4,1,2,4,1,3,2,4,1,0,2,1,4,1,1,2,1,1,2,2,2,2,0,4,1,3,0,4,1,4,1,4,3,4,1,1,2,0,1,2,0,4,1,1,2,1,0,1,1,1,3,1
261,4,2,2,3,2,3,4,3,3,4,3,4,1,2,3,1,3,4,4,4,4,4,4,1,4,3,4,4,4,4,3,4,4,4,2,3,3,3,4,4,3,2,4,1,4,4,4,4,1,4,4,4,3,4,1,2,1,3,2,4,2,2,4,3,4,2,4,1,3,4,2,4,3,4,4
262,0,0,4,2,0,0,1,0,4,4,4,4,2,2,2,2,4,0,4,1,1,0,1,0,3,4,2,4,4,0,2,1,0,2,2,2,0,0,3,1,2,0,2,0,0,0,1,2,0,1,1,0,2,2,0,2,2,1,2,0,1,0,0,0,0,0,1,0,2,0,2,1,0,1,2
263,1,2,0,3,1,3,1,3,3,4,4,1,4,3,0,0,4,3,3,0,1,2,4,0,0,4,1,3,4,0,0,3,4,0,4,1,2,1,3,3,0,3,1,2,4,3,4,2,4,3,0,4,3,3,0,4,3,1,3,3,1,2,3,2,3,4,4,0,4,4,3,2,3,3,1
264,0,0,3,0,0,0,1,2,0,0,4,1,0,1,2,1,2,0,0,2,2,2,0,0,0,0,4,2,4,2,2,2,2,2,0,0,2,2,0,2,2,0,0,2,2,2,0,2,2,0,2,2,2,0,3,0,0,0,2,2,0,1,2,0,2,0,4,2,2,2,0,0,2,2,2
265,2,4,4,3,4,0,4,2,3,0,3,3,3,2,0,2,0,3,3,4,3,4,3,2,0,3,3,3,0,0,3,3,0,4,4,4,0,0,4,0,3,3,3,2,0,2,4,0,3,4,3,4,4,0,4,3,3,2,3,0,4,2,0,4,4,0,3,3,3,3,0,2,0,0,3
266,1,1,2,3,2,0,2,2,2,3,2,2,2,0,1,3,1,3,3,4,3,1,2,2,3,2,2,3,0,3,0,2,2,1,0,3,0,1,3,2,3,2,0,2,1,3,1,0,2,3,0,1,3,2,3,1,2,4,3,2,2,1,3,0,1,2,3,2,0,1,0,0,2,2,4
267,3,2,1,1,0,3,3,0,2,1,4,4,1,1,3,1,0,4,0,4,1,2,1,4,2,1,2,3,3,4,3,1,2,2,4,4,3,2,3,1,3,3,3,0,1,4,3,2,1,1,4,3,1,2,1,1,1,1,1,3,1,2,2,1,1,4,3,3,4,4,0,4,2,4,2
268,3,4,0,4,0,3,4,4,2,3,0,3,2,2,4,2,0,0,4,0,0,3,4,1,0,0,3,2,2,4,4,3,0,0,4,4,1,0,0,3,0,4,2,1,0,4,4,0,4,4,4,4,4,4,0,3,1,4,4,2,4,3,1,4,2,0,4,2,0,3,4,0,0,4,4
269,1,3,3,0,4,4,1,3,1,4,0,0,1,0,3,1,3,1,0,0,4,0,1,4,3,2,3,4,4,4,0,1,1,0,4,0,1,0,0,0,1,4,3,3,3,4,4,1,1,3,3,4,4,4,1,4,1,0,0,2,1,3,3,0,4,1,3,2,2,1,4,3,1,1,0
270,4,4,2,3,0,0,3,0,2,0,2,2,2,0,2,1,2,1,2,1,1,4,4,0,0,0,4,1,4,2,0,4,2,0,2,2,1,0,2,2,2,1,0,2,2,1,1,2,4,2,0,2,2,2,1,3,2,2,3,4,2,0,3,3,3,2,1,1,2,0,3,4,1,4,0
271,4,2,0,0,0,3,1,1,3,2,4,0,3,0,1,4,1,3,0,4,3,0,3,0,2,0,1,1,3,1,1,3,3,1,2,1,3,3,3,1,0,3,3,0,3,3,2,0,1,1,0,3,4,4,0,3,2,1,0,2,1,4,1,0,3,1,1,1,0,0,0,4,3,4,3
272,3,3,0,3,2,4,0,2,3,3,3,0,3,3,0,2,4,1,3,1,3,4,0,3,0,0,3,3,4,3,3,2,2,2,3,2,3,2,0,3,1,1,2,1,1,0,3,3,0,3,0,4,4,3,4,4,2,3,4,0,4,0,2,4,0,3,0,3,3,3,3,0,3,0,1
273,2,3,0,3,1,1,2,1,1,0,2,3,3,0,4,1,0,4,3,4,0,2,3,1,3,2,2,3,4,1,3,1,2,0,1,2,0,1,3,2,2,0,1,3,2,2,3,1,3,0,4,0,0,2,0,1,2,0,2,1,0,0,2,2,3,3,3,4,1,4,2,2,0,1,0
274,2,1,2,0,4,2,0,0,1,4,2,4,0,3,3,2,0,3,0,3,2,2,0,4,3,3,0,4,4,4,2,2,2,3,1,1,2,4,2,0,2,4,0,2,2,3,2,2,2,4,0,3,2,2,4,3,2,1,0,0,2,4,2,2,4,4,4,2,2,0,3,0,4,0,4
275,4,4,1,3,0,1,0,4,1,1,2,4,3,2,0,2,3,1,4,1,0,4,3,3,1,3,2,1,1,2,1,1,3,4,1,4,2,2,1,4,3,0,3,4,3,1,3,1,3,0,1,0,3,0,3,4,1,1,3,1,1,2,3,4,1,1,1,4,4,3,3,4,2,3,2
276,2,1,0,2,0,1,2,4,1,4,0,4,2,0,0,4,2,4,4,4,1,2,0,1,4,0,4,1,0,2,4,0,0,0,4,0,4,4,2,0,3,0,0,3,0,1,4,2,0,0,0,1,3,4,0,4,4,2,0,0,0,2,4,1,4,4,4,0,1,0,0,4,0,0,1
277,0,3,2,0,0,1,2,1,3,1,0,3,0,4,4,3,3,0,3,2,1,3,3,4,1,0,3,2,1,2,0,3,0,1,2,0,1,1,3,2,3,3,3,0,3,3,4,0,3,0,3,3,1,0,1,3,2,2,3,2,3,1,2,1,3,2,1,0,3,3,0,1,3,1,2
278,1,2,4,0,4,3,3,2,0,2,1,3,2,0,2,2,4,4,1,4,2,0,2,1,3,2,3,0,1,0,0,3,2,2,0,0,2,0,3,1,3,0,3,2,1,2,3,2,0,3,2,2,4,2,0,2,2,4,0,0,2,2,0,2,0,2,2,0,0,0,2,2,4,2,0
279,1,0,4,0,0,0,4,4,0,4,2,1,3,0,1,4,4,4,4,2,4,2,1,1,3,1,3,1,4,0,4,4,4,1,4,1,4,3,3,4,4,3,0,3,0,2,1,4,4,4,0,1,0,0,3,3,0,1,2,0,4,4,0,3,4,4,0,0,4,4,1,1,4,0,0
280,4,4,4,4,3,3,4,1,4,4,3,4,0,4,2,4,1,3,0,3,1,4,0,3,3,1,0,2,0,4,4,2,4,4,3,4,0,4,0,2,4,4,3,4,4,4,4,4,0,0,2,4,4,1,4,0,4,3,4,0,3,0,4,4,3,4,4,1,4,0,3,4,3,4,4
281,1,0,1,1,2,1,1,4,1,2,4,4,3,1,2,4,4,2,4,2,4,2,2,2,2,1,1,0,1,0,4,4,2,0,4,1,0,1,0,0,2,2,0,2,3,3,1,1,0,1,1,1,0,1,3,2,1,0,1,1,0,1,0,2,0,4,0,1,0,0,1,0,3,2,1
282,0,0,4,3,0,2,3,1,1,2,2,0,3,3,4,4,3,2,0,2,0,2,0,2,3,2,0,2,2,0,3,4,4,4,1,3,2,4,3,2,4,2,0,4,1,0,1,3,0,3,2,3,2,0,2,1,4,0,3,3,3,3,0,2,2,3,4,3,4,0,2,3,0,1,3
283,2,0,1,3,0,0,4,3,0,0,0,4,4,1,0,3,0,0,0,2,0,2,1,0,3,0,3,3,4,3,0,3,0,0,2,3,2,0,2,2,4,2,0,2,2,2,3,0,3,3,0,2,4,1,0,2,3,2,0,2,2,0,0,2,0,0,0,0,1,0,0,1,3,3,1
284,0,4,1,3,4,4,0,4,1,0,4,0,3,1,4,1,0,3,2,2,2,1,0,2,0,0,0,0,2,1,3,2,4,1,3,2,2,0,0,0,2,2,0,0,4,1,0,3,0,2,1,2,4,2,4,2,0,4,2,4,1,0,4,2,3,1,1,1,2,2,1,4,4,4,3
285,2,0,1,0,3,4,1,2,4,3,0,0,1,4,2,2,4,2,2,2,4,4,4,0,2,4,4,1,2,3,4,4,1,4,4,4,2,4,4,4,2,4,4,4,2,4,2,0,4,3,2,3,1,3,1,3,4,3,4,3,0,1,4,3,3,0,2,2,3,4,4,0,3,3,0
286,1,2,0,4,1,3,3,3,3,2,0,1,3,1,3,2,3,2,1,2,4,1,1,1,3,3,4,3,3,1,2,1,4,1,1,3,2,1,1,4,3,2,1,3,4,1,3,2,3,3,3,3,4,3,4,3,2,3,3,3,4,3,2,4,0,1,0,1,3,3,3,4,4,3,4
287,3,2,3,1,4,3,2,3,4,4,3,3,3,2,0,4,3,2,2,2,2,3,4,2,3,0,3,2,3,3,3,0,2,2,1,2,2,4,3,1,4,4,3,4,2,2,0,2,4,3,2,4,2,4,2,3,3,0,3,3,4,2,3,3,0,2,3,2,2,0,2,3,1,1,2
288,4,2,1,1,2,1,2,3,3,1,4,3,4,3,1,3,2,4,2,3,3,3,2,4,3,1,4,2,1,3,2,3,4,4,3,1,2,2,1,2,2,1,3,2,2,0,2,4,1,2,3,3,0,4,3,3,1,3,4,3,4,2,2,1,2,3,2,4,2,3,3,1,1,4,3
289,4,0,2,0,0,2,1,1,1,0,4,4,0,0,1,2,1,1,4,2,4,0,0,4,4,1,0,1,4,4,0,0,0,0,0,4,0,0,1,4,1,0,1,4,4,4,1,4,4,0,1,4,2,1,1,4,2,0,0,1,3,1,1,0,1,0,1,1,0,1,0,1,1,0,1
290,1,4,2,2,1,0,1,1,1,0,2,2,0,3,3,2,1,4,1,1,3,3,2,2,2,3,3,2,4,3,3,0,2,1,2,3,1,0,3,2,0,4,4,3,2,2,0,3,2,3,2,2,2,3,4,0,1,3,3,4,0,3,2,3,0,0,2,1,0,0,2,4,1,3,0
291,1,1,4,1,1,1,2,1,4,0,0,1,3,4,0,0,4,4,1,2,2,1,1,0,1,3,2,1,1,2,3,1,2,1,3,4,1,1,2,1,1,4,1,0,4,1,4,0,1,4,4,0,0,4,4,0,4,1,0,3,1,1,1,1,1,2,0,3,1,3,1,4,3,1,3
292,3,4,1,1,0,2,2,1,3,3,2,2,2,1,3,1,3,4,2,2,2,4,3,3,4,3,0,2,4,2,2,3,2,0,4,1,3,4,2,4,0,1,0,4,4,3,4,2,0,4,4,0,1,2,0,1,2,4,0,2,2,2,3,2,0,4,0,4,4,0,0,4,2,4,3
293,4,0,4,0,4,1,0,1,3,1,0,1,4,1,0,0,3,0,0,0,0,2,0,0,4,4,0,4,4,1,0,0,4,4,3,0,1,4,3,1,1,0,4,3,2,1,1,3,4,0,1,0,3,0,3,0,2,0,3,3,3,3,0,0,1,4,0,4,0,3,0,1,3,0,1
294,4,4,1,4,4,2,1,2,1,2,4,1,4,4,1,3,2,1,4,1,3,2,2,4,2,4,2,2,2,2,1,3,4,1,1,2,2,1,4,2,0,1,4,4,0,4,1,2,2,1,4,3,1,3,0,1,3,3,1,0,4,3,2,4,4,3,1,2,4,1,1,3,4,0,3
295,0,0,3,0,3,0,4,0,2,4,0,3,3,1,2,1,3,4,3,1,0,1,3,0,3,0,0,3,1,3,2,4,2,3,2,3,3,2,0,0,2,2,0,0,2,3,2,3,3,0,2,0,2,1,2,0,0,3,3,1,0,3,4,0,3,0,3,0,1,3,2,2,0,0,3
296,1,1,2,4,1,1,3,4,0,1,4,1,4,3,4,4,3,3,1,4,0,4,0,3,0,3,4,1,4,1,1,3,1,1,1,3,3,3,2,4,1,0,3,4,3,4,0,1,1,1,0,3,1,0,3,1,1,1,1,3,1,3,3,2,1,4,1,4,1,2,3,3,1,4,4
297,0,2,0,1,3,1,4,0,2,0,0,0,0,1,1,2,0,4,0,1,2,0,1,4,4,1,0,1,4,0,4,0,4,0,0,4,2,0,2,3,4,0,0,2,3,3,1,0,1,4,1,4,3,2,2,1,4,0,3,3,4,0,2,0,4,4,4,4,2,0,4,0,4,3,0
298,0,3,3,0,4,1,0,4,3,1,1,3,3,2,0,3,1,1,3,2,3,2,1,4,2,1,1,1,3,0,0,1,1,3,2,1,2,3,0,1,4,0,1,1,3,1,0,0,1,0,2,0,0,1,1,1,4,1,0,1,1,0,0,4,3,1,4,1,1,4,4,3,3,1,1
299,4,2,0,2,0,3,3,1,2,0,1,0,3,2,3,4,2,2,0,4,2,3,0,2,0,3,0,2,3,2,0,2,1,1,4,2,2,3,2,4,1,2,1,4,3,1,1,4,3,4,3,2,3,1,4,4,2,4,0,2,2,4,3,3,1,1,1,2,3,1,2,2,0,1,2
300,2,1,4,3,2,2,3,3,4,2,3,0,3,3,3,3,1,3,3,1,2,1,3,0,2,4,1,3,3,0,2,0,2,3,3,3,0,0,4,3,1,0,3,2,0,4,2,2,3,2,3,4,2,3,4,3,3,3,2,2,3,0,2,4,3,3,3,3,4,0,3,4,4,3,1
301,2,0,0,2,3,3,0,2,2,0,2,0,4,0,3,3,3,1,0,4,0,1,2,1,1,3,4,4,3,2,0,3,4,0,0,3,2,0,2,3,4,3,2,2,2,0,4,3,2,2,3,3,2,1,2,1,2,4,3,2,4,0,4,0,1,1,1,4,3,2,0,4,2,0,3
302,0,2,3,0,0,1,2,3,0,3,3,1,0,4,4,2,4,0,0,0,4,3,4,2,4,4,4,2,0,3,2,1,0,0,2,0,2,3,1,1,3,3,2,2,2,4,1,1,3,4,3,4,3,2,4,4,2,2,1,1,0,0,2,0,0,0,2,1,2,2,2,1,3,2,4
303,0,4,3,2,0,3,3,2,4,4,4,3,3,1,4,0,4,2,2,4,3,4,2,4,2,1,2,2,0,3,1,4,4,2,0,4,3,4,2,3,2,1,4,3,2,0,2,2,0,0,3,1,0,4,4,0,2,2,0,2,4,2,4,2,2,3,3,2,4,2,0,2,3,2,2
304,4,2,4,3,4,1,1,2,2,1,0,3,0,0,4,0,2,1,0,2,2,0,2,3,0,4,0,4,0,1,4,0,0,4,3,1,4,2,1,4,0,4,1,1,0,1,2,3,2,3,1,0,1,4,0,4,4,1,4,0,4,2,2,1,4,4,4,4,4,4,1,4,4,4,3
305,4,4,4,4,4,0,0,1,2,2,4,4,4,2,4,2,2,4,1,3,3,3,4,4,4,4,2,2,2,4,3,2,4,1,4,4,1,0,3,4,4,2,4,4,2,1,2,4,0,3,4,3,4,0,4,0,4,4,4,4,2,2,2,2,0,0,4,1,4,4,4,1,4,4,4
306,3,1,1,2,3,3,0,1,2,3,0,1,0,2,1,0,0,2,1,1,1,1,4,0,0,1,1,3,3,3,0,2,0,0,0,3,0,0,0,3,4,2,2,1,2,2,2,3,1,1,0,1,1,2,2,1,3,0,3,0,0,3,2,2,1,0,4,3,1,0,1,1,0,2,0
307,2,2,1,4,4,0,3,4,1,4,4,2,1,0,0,4,4,3,2,0,2,0,2,2,4,1,2,0,4,1,2,0,0,1,2,2,0,1,4,4,0,4,1,4,2,3,4,3,0,0,1,0,2,4,1,2,3,0,1,3,4,4,3,0,0,4,4,3,1,1,0,2,0,2,0
308,4,3,4,4,2,3,4,4,3,3,3,3,4,4,0,2,3,1,4,4,4,1,3,0,0,3,4,0,4,3,3,0,4,0,4,3,3,3,0,3,0,0,3,3,4,3,4,0,3,4,4,4,3,3,3,4,4,3,3,4,2,0,4,3,3,4,3,2,0,4,2,1,4,4,3
309,4,1,0,4,2,2,4,1,3,2,3,4,2,1,2,2,4,4,2,1,1,1,2,0,0,2,1,0,4,1,2,0,0,1,4,3,0,4,2,1,3,0,0,1,4,1,0,2,0,2,4,0,1,4,2,2,0,4,0,2,3,1,0,2,0,1,3,4,1,1,2,1,1,0,2
310,1,3,0,3,0,0,0,0,2,4,3,4,4,0,0,0,0,2,4,1,0,4,0,4,3,4,4,0,4,0,1,1,4,1,1,0,0,4,0,1,3,0,2,1,0,0,3,0,2,4,0,0,0,3,0,3,4,4,1,0,4,3,0,3,2,0,4,3,0,0,3,3,1,0,3
311,2,4,3,4,4,1,3,4,3,2,4,1,1,1,3,1,3,1,3,3,3,4,0,2,1,1,1,2,2,1,4,1,2,1,3,0,2,3,3,4,2,0,3,1,2,2,4,0,2,4,0,1,3,0,1,4,1,3,1,3,0,0,3,3,1,4,4,1,3,4,3,4,1,1,4
312,3,1,0,0,3,3,1,3,1,2,3,2,3,2,2,0,0,3,1,3,1,2,3,2,0,1,3,3,2,1,3,4,4,0,3,2,1,3,3,3,3,4,4,1,1,3,1,1,1,1,4,0,2,4,4,1,3,3,0,4,0,2,0,1,3,3,0,2,3,1,0,0,0,3,0
313,2,0,2,4,0,2,2,0,2,0,0,3,2,1,2,0,1,1,4,0,1,4,2,4,1,0,1,2,3,1,0,0,2,0,0,3,0,1,2,4,3,4,2,4,2,1,1,3,4,3,3,2,0,1,0,4,2,1,1,2,1,0,2,2,3,1,0,0,1,3,2,1,1,0,0
314,3,3,4,2,1,1,3,1,4,0,0,1,4,3,3,4,0,0,4,3,1,1,3,1,3,3,1,1,1,3,4,4,3,4,3,0,0,3,3,3,1,1,3,3,3,3,3,4,1,4,1,3,4,4,1,1,4,1,1,1,3,0,4,0,2,4,1,1,4,4,1,1,1,1,2
315,2,2,0,2,4,2,2,4,4,4,1,2,4,1,2,0,4,1,2,1,2,3,3,1,1,3,4,2,2,3,4,0,4,3,2,1,4,4,2,1,2,2,2,2,1,3,2,1,1,2,4,3,1,0,3,3,2,3,4,2,3,3,2,2,4,2,4,2,1,2,2,1,2,2,3
316,3,4,1,0,4,0,4,4,4,3,3,4,3,1,2,4,0,3,0,2,2,3,3,0,3,3,2,3,2,4,0,4,3,2,0,3,4,2,1,1,1,2,3,0,3,0,0,1,4,2,3,3,4,3,4,3,1,2,2,3,3,4,4,3,1,1,4,1,3,4,4,4,1,0,0
317,1,2,0,4,1,0,3,1,2,1,1,1,1,3,2,3,4,1,3,1,0,4,1,4,4,1,2,4,4,2,4,2,4,2,4,4,3,3,3,2,0,3,2,0,2,4,4,2,0,1,2,1,3,2,4,1,3,3,1,4,0,1,1,4,4,1,4,4,3,2,3,1,3,2,4
318,0,0,1,0,0,1,1,0,4,0,0,0,1,4,3,2,4,4,1,1,1,0,0,4,1,4,0,0,0,3,0,1,0,2,1,4,4,4,4,0,4,0,1,0,4,4,0,0,4,4,4,0,1,4,1,1,4,4,4,0,4,0,4,0,0,4,1,4,0,4,4,4,4,1,0
319,0,3,0,3,3,3,3,3,3,3,0,1,3,2,1,3,3,1,4,3,3,3,1,0,4,1,4,1,0,3,1,1,3,4,1,3,3,0,4,3,3,3,1,3,0,0,4,1,1,3,4,4,1,1,4,4,0,0,3,0,0,2,0,0,0,4,0,4,3,1,1,0,1,3,1
320,4,0,1,1,1,4,4,4,1,1,1,4,4,4,1,1,3,4,4,1,1,1,4,4,4,0,1,4,4,4,2,1,4,3,2,1,1,4,4,1,1,4,1,1,2,1,1,4,4,1,4,4,2,2,4,1,4,4,4,3,2,1,2,1,1,4,4,1,4,4,4,1,1,1,1
321,4,1,3,1,3,1,0,0,1,3,1,4,4,0,0,1,2,1,0,3,1,4,4,1,4,4,0,2,0,4,2,3,4,2,0,1,2,4,1,1,4,1,0,4,3,4,4,4,3,1,4,3,3,4,4,3,0,3,0,3,4,4,3,1,4,2,4,2,4,4,4,0,0,4,2
322,1,4,3,1,1,2,4,3,1,1,2,1,4,1,0,4,2,0,3,1,0,2,4,0,2,1,0,1,2,1,2,1,1,4,4,0,3,0,1,0,4,3,1,4,1,0,0,2,2,4,1,0,1,4,2,2,0,4,2,2,1,2,3,4,0,2,1,3,2,1,1,1,2,4,2
323,4,3,0,1,4,1,0,1,2,1,3,0,4,2,2,1,1,0,3,1,4,1,0,1,1,1,3,2,0,1,1,2,1,3,4,0,3,2,0,2,1,4,3,4,3,3,3,0,2,1,2,2,2,1,3,3,3,3,1,3,1,3,0,3,4,3,4,1,3,1,2,2,3,0,4
324,2,2,4,0,3,1,1,4,2,4,0,4,1,0,2,1,1,4,1,0,4,0,0,1,4,0,1,2,3,2,4,2,1,2,1,4,2,2,1,4,2,4,2,4,2,3,2,3,2,4,1,4,0,3,2,4,0,0,2,2,2,2,3,0,1,0,1,1,1,2,0,2,4,1,3
325,0,2,4,0,3,2,0,0,0,4,4,0,4,0,1,1,1,4,1,4,3,1,4,3,0,4,0,4,0,3,1,4,3,0,0,4,4,2,3,0,3,4,0,1,0,0,3,3,0,4,0,4,0,2,4,2,4,0,4,4,0,4,4,0,1,0,4,4,1,4,4,4,0,0,4
326,1,3,4,3,3,2,2,1,4,2,0,4,3,1,2,3,3,2,1,3,2,2,4,1,3,3,2,4,0,2,4,2,2,0,2,3,4,3,2,0,3,3,0,3,0,1,4,0,3,2,3,1,3,1,3,0,0,0,3,3,3,4,3,4,4,3,4,3,2,2,0,1,0,1,4
327,1,0,2,2,0,3,3,2,0,0,0,2,2,2,0,4,3,2,1,0,3,1,3,1,2,2,1,4,4,3,0,0,4,4,3,4,3,4,2,4,4,2,1,1,0,0,4,3,2,0,3,4,4,0,1,0,4,2,2,4,0,3,0,2,1,4,1,0,2,1,4,2,2,2,4
328,2,3,2,2,4,0,0,3,3,2,4,3,0,2,2,4,1,2,0,2,3,2,0,2,4,3,2,0,0,0,2,2,0,3,4,1,0,3,3,2,1,2,3,2,0,2,0,3,2,2,2,3,0,2,1,0,1,0,3,0,1,1,1,2,3,3,2,2,3,1,2,2,3,3,2
329,1,1,4,2,1,1,4,1,4,4,1,3,2,4,1,4,1,3,4,1,0,1,2,1,1,0,4,3,4,1,1,2,1,4,1,3,1,1,4,0,1,4,0,3,0,3,1,1,2,1,3,3,1,3,1,1,4,3,0,1,1,4,1,3,4,0,0,1,4,2,1,1,1,2,1
330,3,1,3,0,0,2,4,1,0,3,3,2,1,1,0,1,2,1,0,3,3,3,4,1,0,3,4,2,3,4,1,2,2,4,3,2,0,1,0,1,2,1,3,0,0,3,0,2,0,4,4,1,3,3,0,1,0,0,0,4,3,0,2,2,2,4,3,3,3,4,4,3,3,3,3
331,4,1,4,2,1,0,4,4,4,0,2,1,2,0,1,2,0,1,2,2,4,2,0,1,3,1,0,0,4,2,4,4,1,1,1,2,1,1,3,1,1,4,2,0,0,1,0,0,4,3,2,1,3,4,1,4,4,0,2,0,2,1,0,0,1,4,0,1,2,0,2,1,0,2,0
332,4,0,1,2,3,1,3,3,1,0,3,0,1,3,1,0,3,4,0,3,1,0,1,0,1,3,0,1,4,0,1,4,1,4,1,3,4,1,3,3,2,1,0,1,1,0,0,1,4,2,1,1,0,4,0,1,1,1,1,2,0,0,1,3,4,0,3,2,1,3,1,1,4,4,1
333,4,4,4,2,2,3,3,3,3,3,1,0,0,3,1,4,3,3,2,0,2,3,2,0,2,1,0,1,4,3,3,2,1,0,4,4,3,3,3,3,3,0,2,4,2,1,0,0,3,4,0,4,0,0,4,1,3,0,1,4,4,2,4,2,1,3,1,3,2,2,4,0,1,4,1
334,0,4,0,1,4,3,0,3,1,0,4,4,4,1,1,3,4,3,1,3,3,4,1,1,4,3,1,0,4,0,4,4,1,0,3,1,4,4,0,1,1,3,1,4,3,3,1,1,1,1,3,0,0,4,4,3,0,3,1,4,0,0,4,2,3,0,1,4,4,4,4,0,4,0,0
335,2,3,0,0,3,3,2,0,2,0,0,1,2,1,4,4,0,1,4,4,0,0,0,3,3,4,4,0,4,3,3,0,4,4,2,1,1,2,2,4,1,4,3,3,2,1,1,2,3,3,4,2,4,1,2,4,2,1,1,4,4,2,0,2,0,4,4,2,3,4,4,4,4,2,1
336,4,4,2,1,4,4,0,1,3,1,2,0,4,3,3,3,2,3,3,0,0,0,3,4,0,4,3,4,2,3,1,2,3,0,2,1,4,3,2,0,2,3,3,2,0,3,1,2,2,3,0,2,4,2,1,0,0,1,3,0,0,2,4,4,0,2,4,4,1,0,4,1,0,1,0
337,3,1,2,3,4,4,3,3,4,4,1,0,0,3,0,3,1,3,0,3,2,4,3,0,0,3,0,3,3,3,4,2,0,0,4,3,3,3,1,0,3,3,3,3,0,3,3,4,2,0,0,3,3,3,2,4,0,3,1,3,0,3,2,3,3,0,4,4,3,4,2,3,3,0,4
338,2,0,1,0,2,1,0,2,0,2,4,0,1,1,1,1,4,0,0,1,1,1,2,2,0,3,2,0,1,0,2,4,1,1,1,2,0,2,0,0,2,0,1,2,1,2,0,1,2,1,2,1,1,0,2,4,4,0,0,3,2,2,1,4,0,1,2,2,1,2,0,0,2,0,2
339,0,3,2,3,4,3,3,1,4,3,1,2,2,4,3,3,4,1,3,1,1,0,3,4,3,1,3,3,3,4,3,2,2,4,3,3,3,3,4,4,2,3,4,3,1,4,3,3,2,4,4,3,2,3,3,4,1,2,2,3,0,1,1,1,3,3,3,0,2,3,4,2,3,3,4
340,3,1,1,0,3,3,4,0,4,0,1,4,0,3,4,1,2,1,2,1,3,1,4,4,1,1,1,2,3,2,2,1,3,2,4,4,3,1,3,0,1,1,2,1,0,4,3,4,2,1,3,1,4,3,1,4,1,4,1,1,1,4,4,4,0,1,4,0,4,3,3,1,1,2,3
341,2,2,2,4,1,1,0,0,2,4,0,4,2,4,3,3,0,3,3,3,2,1,2,0,4,1,1,0,1,3,1,1,0,0,0,1,2,0,1,0,0,3,2,2,0,2,0,2,4,2,0,2,0,1,4,0,0,2,1,0,0,4,0,0,0,0,1,0,0,1,4,0,1,2,2
342,0,2,4,3,3,1,3,1,3,0,1,1,3,0,2,0,1,4,3,1,1,3,3,3,1,0,1,1,1,3,1,2,2,2,2,3,3,1,2,1,1,0,1,3,4,1,0,0,3,3,3,0,1,1,0,0,1,0,3,1,3,0,2,1,0,3,0,1,0,1,3,1,1,3,4
343,3,3,1,1,0,3,2,4,0,2,0,4,0,3,2,3,4,4,2,0,2,2,2,0,2,2,3,2,3,0,3,4,2,4,1,4,0,0,0,4,1,0,2,3,1,3,2,3,4,4,3,3,3,2,4,0,2,3,3,1,1,4,2,0,1,3,3,4,0,2,4,3,1,0,4
344,3,4,2,0,3,0,0,0,3,0,0,0,0,0,3,0,1,4,2,0,0,4,3,0,0,3,0,3,4,0,3,2,1,0,0,4,4,3,3,4,4,0,3,0,1,0,2,3,2,0,0,0,0,1,2,4,3,3,1,4,1,3,0,4,0,4,4,4,0,0,2,3,1,3,2
345,2,1,2,4,3,1,1,3,1,1,2,4,1,4,1,3,1,3,1,2,1,4,3,4,1,4,1,1,0,4,1,2,4,4,3,1,3,1,4,2,3,4,1,2,1,4,0,1,1,1,3,0,1,4,1,2,2,2,3,2,3,3,1,2,3,4,3,2,1,1,1,2,1,2,1
346,3,3,4,2,4,2,4,3,4,1,1,2,2,2,3,3,1,1,1,3,4,1,4,4,1,1,2,1,1,0,4,3,1,1,4,1,4,1,2,1,1,1,1,1,1,1,2,0,4,3,1,1,2,3,1,0,1,2,1,3,3,1,2,3,2,1,2,3,2,2,1,1,2,1,3
347,3,1,1,0,2,0,1,3,1,1,2,4,3,3,4,3,0,1,3,4,1,1,3,0,1,1,1,1,0,3,0,2,3,0,2,2,0,1,1,4,2,3,4,1,1,3,1,4,3,1,3,0,0,2,3,1,1,4,3,0,3,1,2,0,3,1,0,1,0,4,3,0,2,1,0
348,4,3,4,3,1,4,1,1,4,3,4,3,2,4,1,0,0,4,4,3,0,4,4,4,0,0,1,4,0,4,4,1,4,4,4,4,3,1,4,0,4,1,1,4,4,4,1,1,0,0,3,4,3,0,0,0,4,1,1,3,4,4,0,1,2,3,0,1,3,1,4,4,3,1,1
349,3,3,2,3,1,4,2,1,1,1,4,1,4,0,0,0,3,3,3,4,4,0,3,4,4,1,4,1,4,2,2,2,1,4,2,2,4,1,3,1,1,2,1,1,1,1,2,4,0,2,1,3,3,2,4,2,4,4,0,2,4,2,3,1,0,3,3,4,4,0,4,3,1,2,4
350,0,4,2,2,2,2,2,0,3,4,4,4,4,2,0,2,4,3,2,2,2,1,2,3,4,2,4,0,0,3,4,2,2,2,0,3,3,1,2,3,2,3,4,4,3,4,2,2,2,4,2,2,0,2,2,1,2,4,4,2,4,2,3,4,3,4,3,2,2,3,2,3,2,2,3
351,1,0,1,1,4,3,3,4,0,1,0,3,2,2,0,1,3,0,3,0,0,3,0,4,3,0,3,4,2,0,3,3,1,3,3,1,3,4,1,0,2,3,3,4,4,0,3,3,0,3,1,2,3,4,3,3,2,1,3,3,3,1,0,2,2,3,4,3,3,4,1,0,3,0,0
352,0,0,4,0,2,4,1,2,0,4,0,0,2,2,1,2,0,1,4,0,1,0,3,2,1,4,2,0,0,2,0,4,3,2,0,4,4,4,1,1,4,1,0,0,0,2,1,2,1,2,2,0,1,0,0,2,1,4,2,2,2,2,2,1,4,0,0,2,0,2,1,4,2,2,1
353,4,3,4,0,0,1,1,4,0,0,0,1,1,2,0,3,2,0,0,4,4,2,2,0,2,3,0,2,1,1,1,1,3,3,4,4,2,1,2,0,0,1,0,2,1,1,4,2,3,4,4,2,0,1,4,0,4,1,1,2,0,3,0,1,0,1,3,0,4,4,2,4,2,0,1
354,2,2,2,2,4,0,1,0,1,4,4,3,1,2,2,1,3,1,1,2,4,3,4,1,3,1,1,3,2,4,0,2,1,1,1,2,3,4,4,1,2,2,4,2,2,3,1,4,2,3,1,4,3,4,3,1,2,2,3,2,4,3,1,1,0,2,4,3,2,2,3,3,1,3,4
355,2,4,4,1,2,1,4,2,3,1,0,4,2,0,4,2,2,1,0,1,4,4,1,2,4,1,2,2,0,0,2,1,1,0,2,2,2,1,1,4,2,4,2,4,2,2,4,2,4,1,2,4,1,1,2,3,4,2,2,2,2,2,2,1,1,3,2,2,2,0,2,2,2,4,2
356,1,4,1,1,3,1,1,1,3,1,3,1,3,1,2,4,0,0,0,2,3,2,3,0,1,1,2,4,3,1,1,2,4,0,1,1,3,1,1,4,4,1,2,1,1,1,3,4,1,3,2,1,1,3,4,4,4,1,1,1,1,3,0,4,1,1,0,0,1,0,0,3,2,1,0
357,2,0,3,3,2,3,1,2,0,0,2,3,2,1,2,3,0,4,1,2,1,2,1,3,0,0,3,0,3,0,2,3,0,2,0,4,2,1,1,3,1,3,2,2,0,3,2,1,3,1,0,2,0,0,0,2,3,4,3,1,0,2,0,1,2,1,4,2,3,1,1,2,0,3,1
358,1,1,3,2,4,1,3,4,2,4,3,3,1,1,4,1,2,1,4,3,4,1,2,4,1,4,4,3,1,3,1,4,2,4,1,2,3,1,4,4,4,4,0,2,2,1,4,4,0,2,1,1,4,3,4,4,2,0,4,1,2,4,4,2,2,3,2,1,1,2,4,3,1,2,2
359,1,1,2,1,1,3,1,0,0,3,1,1,0,3,4,3,4,1,4,3,0,0,4,3,4,1,3,0,2,3,4,4,0,1,1,1,4,1,0,0,0,1,0,0,2,4,1,2,0,1,4,3,2,3,1,3,2,0,3,3,3,0,3,0,3,4,3,3,3,3,1,1,4,1,1
360,2,1,3,1,1,2,0,4,2,0,3,4,1,1,2,1,2,2,2,2,1,1,0,4,2,3,3,3,1,3,4,1,0,2,1,1,0,1,1,2,0,3,3,4,1,4,1,1,2,0,0,0,3,4,1,3,1,1,4,0,1,4,1,3,4,0,4,0,0,4,0,3,2,4,2
361,3,4,4,3,3,3,4,3,4,3,0,1,3,0,0,0,4,2,4,2,3,2,3,4,4,1,2,3,3,0,3,3,3,3,1,1,0,1,0,1,2,3,3,3,3,4,3,3,3,3,1,3,3,1,3,3,2,3,4,4,3,2,3,0,4,3,3,2,3,0,3,3,0,1,3
362,0,0,3,0,0,4,1,3,3,0,1,4,0,2,4,3,2,1,3,2,2,2,1,0,2,2,1,1,0,1,0,2,1,2,3,2,4,4,4,2,1,1,4,2,4,1,0,4,1,3,3,0,4,3,4,4,2,4,2,1,1,2,0,0,3,0,3,0,2,2,4,0,1,4,4
363,2,3,2,4,2,3,4,2,3,0,3,2,3,3,3,2,0,0,2,0,2,2,0,3,4,0,4,3,3,0,2,0,0,0,3,3,2,0,3,4,4,0,4,2,3,3,0,0,3,2,4,0,2,3,0,0,3,3,2,0,2,3,2,3,3,3,2,2,0,3,3,0,0,3,4
364,1,3,2,0,0,1,1,3,0,0,4,1,3,2,2,3,0,2,2,2,1,3,1,2,1,2,1,3,3,3,2,3,4,4,2,0,0,1,2,1,2,3,4,4,2,2,4,4,1,4,0,0,3,3,2,1,4,3,1,3,2,4,2,0,1,3,2,2,4,3,2,1,3,2,2
365,0,3,3,4,3,3,2,3,4,3,1,0,3,0,3,2,0,1,4,3,3,0,3,4,4,3,3,3,3,3,1,2,0,0,3,4,3,2,0,3,0,1,4,0,2,4,2,1,3,2,1,3,3,0,3,1,3,3,2,3,0,4,4,0,1,2,3,0,3,3,3,1,1,0,3
366,0,2,2,3,4,2,2,3,2,1,3,2,2,4,3,4,4,2,1,2,4,3,2,3,0,4,4,4,0,0,2,4,2,2,4,3,4,1,2,4,2,4,2,4,2,2,4,2,4,2,4,4,3,2,2,4,0,2,0,4,0,2,2,4,0,2,4,4,2,0,4,4,2,4,4
367,1,1,4,4,0,1,4,0,2,2,1,0,3,2,1,0,3,3,0,1,1,1,0,1,4,4,3,1,2,0,3,3,3,4,3,0,1,3,3,3,1,1,0,1,1,0,4,1,3,1,4,1,0,1,0,4,4,3,1,2,2,0,1,1,3,0,0,3,3,4,2,2,4,2,3
368,1,2,1,4,0,2,4,4,3,3,3,2,2,1,0,2,4,4,1,0,2,1,4,2,3,1,2,3,2,1,3,4,3,2,2,0,4,2,1,4,2,1,2,0,4,2,0,3,1,2,4,1,2,3,1,1,1,1,0,1,1,3,2,2,4,2,3,3,0,3,0,2,2,2,0
369,4,1,3,2,1,4,3,1,3,4,0,0,3,1,0,1,1,4,1,3,1,3,3,1,2,1,4,4,4,1,4,1,0,4,4,1,0,3,4,4,1,4,4,1,4,3,3,3,4,1,3,1,3,0,0,1,0,0,2,2,1,0,4,0,3,0,0,1,4,4,1,2,1,1,1
370,4,4,1,4,4,4,0,4,4,4,1,4,4,4,4,1,1,4,4,1,0,4,4,3,0,4,4,1,4,0,0,4,4,4,1,4,0,1,4,4,0,4,1,2,4,0,4,1,0,4,0,1,4,1,4,3,1,0,4,3,3,0,1,4,1,0,0,4,0,4,4,0,4,0,1
371,1,4,4,2,1,1,0,3,0,0,2,1,0,4,1,4,1,1,0,2,2,4,0,1,3,1,3,4,3,2,0,4,2,2,4,2,0,0,2,4,4,2,2,1,4,2,4,4,2,0,0,0,3,2,2,1,2,2,2,4,2,4,2,3,2,1,4,4,2,1,1,3,3,0,1
372,3,2,3,2,2,1,2,2,0,2,0,2,4,2,2,3,2,3,4,1,2,3,0,4,0,3,4,2,0,1,1,4,2,3,0,4,2,2,2,4,2,3,2,1,1,1,3,3,4,2,0,3,1,2,3,2,2,1,4,3,1,2,2,3,2,0,0,4,1,2,3,3,1,1,2
373,0,4,4,3,0,3,0,2,0,2,3,0,4,0,4,3,4,0,3,2,2,2,3,4,2,4,0,2,2,3,2,3,4,0,4,0,4,1,1,2,4,2,2,2,0,3,3,4,0,0,2,0,0,3,2,4,0,0,3,0,2,0,0,1,4,0,4,4,0,4,4,0,0,2,4
374,1,2,3,0,4,4,1,3,1,3,4,2,4,3,1,0,2,0,4,3,1,3,1,4,1,2,3,3,0,3,4,4,3,1,2,0,3,1,3,2,3,3,3,3,0,1,1,1,2,0,1,3,2,0,1,2,0,1,0,1,2,0,4,1,2,1,2,3,4,2,0,0,3,1,4
375,1,2,3,2,2,4,4,3,2,2,0,4,2,2,4,2,4,3,1,2,3,0,3,2,4,3,4,0,4,1,1,4,1,1,4,2,2,4,3,1,2,2,3,3,1,4,1,4,3,4,4,1,4,4,4,0,4,4,4,2,2,4,4,2,2,1,3,3,0,4,0,4,2,2,2
376,4,0,3,0,4,1,4,2,4,1,4,4,4,1,1,4,2,3,3,0,0,4,4,3,4,2,3,4,4,0,4,2,1,3,1,3,1,3,0,4,3,3,3,1,1,4,0,4,2,3,0,1,1,4,0,1,0,4,1,0,3,4,2,1,4,1,3,0,0,1,0,1,4,1,3
377,4,4,2,4,1,3,2,2,3,1,2,2,2,2,4,4,0,1,2,4,2,4,2,4,2,1,1,2,4,2,4,3,2,2,4,4,2,1,2,1,3,3,2,1,1,1,2,2,4,2,2,2,1,2,3,4,1,1,2,1,2,2,2,1,2,2,2,2,2,2,3,2,2,1,2
378,0,0,4,1,1,1,4,4,0,2,4,1,3,1,4,4,0,2,0,0,1,1,1,0,0,2,4,0,4,2,1,0,2,0,0,2,2,1,4,4,3,2,4,0,3,1,0,3,2,0,3,1,4,3,0,0,2,1,3,3,3,4,2,0,2,0,0,2,2,0,0,2,4,0,2
379,0,0,2,2,2,3,0,4,0,4,0,1,0,2,4,0,4,0,3,4,4,2,3,0,0,0,2,0,4,2,4,0,0,0,0,2,0,2,0,0,0,2,4,0,1,3,0,4,3,1,4,3,0,0,0,4,4,2,0,0,0,1,3,4,1,0,3,1,0,1,3,1,4,0,0
380,0,2,2,2,0,3,3,3,1,0,0,1,2,0,3,2,0,0,0,0,0,3,2,1,0,0,0,3,1,2,2,0,2,2,4,3,3,0,2,0,4,2,2,0,2,4,2,3,3,2,2,4,2,0,2,0,3,2,1,3,3,2,0,3,2,2,2,0,4,0,0,1,1,3,2
381,0,2,0,2,2,1,0,0,2,2,2,0,0,2,3,0,0,1,2,0,2,2,2,0,0,3,4,1,2,0,3,1,0,2,3,2,3,4,3,0,3,0,4,1,3,4,2,1,0,3,1,0,0,0,4,2,3,1,2,0,3,3,3,2,0,2,0,0,0,1,1,0,0,0,4
382,4,3,1,4,2,2,1,1,2,3,0,4,0,3,2,3,1,2,4,1,3,2,3,1,4,4,3,3,1,3,2,4,0,2,0,3,2,2,3,1,4,3,1,1,0,1,2,2,1,1,4,3,1,3,4,1,3,3,1,1,0,1,1,1,4,4,1,3,4,1,3,1,4,3,1
383,1,4,0,4,1,1,1,4,2,1,1,2,0,3,0,2,0,1,1,1,0,1,2,3,1,0,4,0,1,1,0,3,1,1,1,0,1,2,3,0,3,1,4,1,3,4,2,1,0,1,3,1,1,0,1,2,1,3,4,1,1,1,0,2,0,0,0,1,0,0,1,1,0,4,1
384,4,3,4,1,1,2,4,1,0,1,0,0,3,0,1,1,1,4,3,0,1,2,4,2,0,2,0,1,4,4,2,4,4,2,3,2,1,3,0,4,2,3,0,4,2,4,3,0,4,4,1,1,4,4,1,4,1,2,1,2,3,3,4,4,3,2,0,1,1,1,2,4,1,4,3
385,3,2,1,2,2,3,2,3,1,3,4,4,3,4,4,4,3,3,2,4,4,1,2,0,2,1,1,1,0,0,2,2,4,0,1,3,1,2,4,3,3,2,1,3,4,2,1,3,1,1,2,1,0,2,0,0,1,0,1,3,1,2,0,3,4,3,1,3,2,4,0,4,2,2,2
386,0,0,3,1,0,4,0,2,3,4,4,4,3,3,0,4,3,3,1,3,4,0,2,4,3,3,1,0,2,1,4,3,2,1,0,3,0,4,4,4,0,4,2,0,0,2,3,1,3,4,3,1,0,4,0,3,4,4,0,1,3,0,4,0,3,3,2,3,0,2,4,3,3,3,3
387,2,4,3,0,3,2,2,0,4,0,3,1,2,3,3,3,4,4,2,3,3,0,2,3,0,3,2,3,0,4,0,2,3,0,1,1,3,2,0,2,3,0,0,1,0,0,0,2,1,3,0,4,0,4,3,4,4,3,3,2,3,2,1,0,4,4,3,2,3,2,1,4,4,3,2
388,1,2,3,1,4,1,1,3,2,1,0,4,3,3,0,3,0,1,0,4,4,1,1,1,0,2,3,0,3,0,2,0,1,3,2,2,0,0,0,0,4,4,2,4,4,2,2,0,1,4,4,0,2,0,0,2,3,2,0,0,2,4,1,2,0,4,1,2,1,2,0,1,1,4,2
389,1,2,0,0,0,0,3,0,2,4,4,3,2,0,1,0,4,3,3,4,1,3,2,2,2,0,1,2,3,0,4,0,4,3,4,1,3,0,1,2,0,3,3,2,3,3,4,2,3,4,2,1,1,2,4,3,0,3,2,2,3,1,1,1,3,2,4,0,0,4,2,4,1,2,3
390,4,2,4,0,0,4,3,4,0,4,3,0,0,4,4,0,4,0,0,0,1,0,0,4,1,4,0,0,4,0,1,0,0,0,0,4,0,0,0,4,0,1,0,0,1,3,0,0,0,2,0,0,1,1,1,0,0,4,0,4,0,0,1,3,0,0,4,0,1,3,3,4,4,0,4
391,1,0,4,4,3,3,1,0,4,4,1,4,4,4,3,0,4,3,3,4,0,1,0,0,0,1,1,0,1,0,0,0,0,3,0,3,4,1,0,0,1,1,3,1,3,4,0,0,0,4,2,0,2,4,4,4,0,1,1,4,4,1,1,4,3,4,4,4,4,4,4,1,2,2,0
392,4,0,2,2,4,1,2,1,4,1,2,2,1,2,3,4,1,1,0,3,4,1,4,1,0,1,4,4,0,2,1,2,2,1,3,4,2,0,2,2,4,2,2,4,4,1,4,4,1,4,2,2,0,2,0,4,2,3,1,4,4,2,4,4,3,1,3,2,3,4,0,4,4,1,2
393,0,2,4,4,4,0,4,4,4,0,4,4,1,2,0,0,4,2,4,4,0,3,3,0,4,4,0,4,1,1,0,0,4,4,0,0,4,4,0,4,1,2,0,4,0,4,0,0,4,4,0,4,4,0,4,4,4,4,2,0,4,0,0,0,0,0,4,1,0,2,0,0,4,4,0
394,1,1,0,1,4,4,1,4,3,4,3,2,0,1,3,2,3,1,2,2,0,1,4,4,0,3,3,2,3,3,3,3,4,0,3,1,4,4,3,3,3,0,4,4,4,2,1,0,3,3,3,3,3,1,2,4,2,0,2,2,2,0,2,1,2,2,4,3,0,0,4,3,3,0,2
395,0,3,4,4,4,4,3,1,4,4,2,4,0,0,4,3,0,4,3,3,3,4,2,3,0,2,3,4,3,3,2,3,3,0,2,1,4,4,4,2,4,4,3,2,2,4,4,4,1,0,4,3,4,2,2,0,2,4,2,0,4,3,4,0,2,0,2,4,4,2,4,3,4,0,1
396,2,0,4,2,2,3,2,1,2,3,4,2,3,2,4,4,2,1,2,3,3,2,0,4,4,2,3,4,2,4,3,4,2,1,2,2,1,3,1,4,2,1,2,4,4,2,2,4,4,4,1,2,2,3,4,1,3,2,3,2,3,4,3,1,2,2,4,2,1,2,2,2,2,4,4
397,4,2,4,4,0,1,4,4,1,2,4,0,4,0,2,2,4,2,1,0,0,4,0,1,1,3,4,0,0,1,2,4,2,1,1,1,1,0,4,2,1,1,1,0,1,2,1,3,2,0,0,1,4,1,0,2,1,2,0,0,2,4,1,4,1,0,0,1,1,4,3,0,1,4,1
398,4,4,3,3,3,1,0,0,1,0,1,1,3,0,3,1,3,0,2,0,2,3,3,0,0,3,0,0,3,1,0,4,0,3,3,0,1,0,0,3,3,2,1,0,1,3,0,1,1,0,4,1,0,1,0,0,0,3,1,3,0,0,0,0,0,3,1,3,0,3,1,3,1,3,0
399,2,3,4,0,3,4,4,2,0,0,3,1,0,3,3,4,4,1,3,3,2,4,1,4,2,3,1,1,3,0,1,3,0,2,2,0,4,3,0,1,3,3,1,1,4,3,1,1,2,4,0,0,1,0,1,2,0,4,3,3,3,4,1,0,0,4,1,2,0,3,3,4,3,3,3
400,3,0,3,3,3,3,2,2,4,2,4,2,3,3,0,3,3,1,2,0,3,4,0,3,2,2,4,1,2,3,3,3,2,1,3,3,4,4,3,3,0,1,3,4,0,4,4,0,3,1,2,1,0,1,4,4,3,1,3,2,3,0,3,3,3,0,4,3,0,3,4,3,3,4,2
401,1,2,4,2,4,4,0,1,4,2,1,4,0,1,4,2,0,4,2,0,4,2,1,2,4,3,4,2,4,3,4,2,2,4,4,4,4,1,2,1,2,3,0,1,1,1,1,4,2,4,3,4,1,4,4,3,0,1,2,1,1,3,4,2,2,4,4,2,1,4,1,4,3,4,4
402,0,4,4,0,1,0,0,3,0,4,0,1,1,3,0,0,0,4,1,1,3,0,1,0,3,0,3,0,4,2,4,2,0,4,3,3,1,1,2,3,4,1,4,4,0,0,0,3,0,1,1,3,0,0,4,0,2,1,2,3,4,1,2,4,0,1,1,4,0,0,4,4,1,0,0
403,2,3,3,2,1,1,0,1,3,4,2,1,3,3,3,2,3,3,2,2,2,0,2,3,3,3,2,0,2,3,1,3,3,3,2,2,0,2,3,3,3,2,2,1,1,2,0,3,0,2,4,2,3,2,1,2,1,2,2,3,1,0,3,3,2,4,2,2,1,1,1,3,2,2,2
404,0,2,2,4,1,4,3,2,1,4,4,4,1,2,4,2,4,3,2,4,0,2,3,3,1,3,1,4,3,3,3,4,4,2,3,2,1,0,0,3,2,3,0,0,1,1,3,3,1,1,1,1,0,3,3,0,2,3,1,1,4,0,1,0,4,2,3,0,1,0,3,3,2,0,3
405,3,2,3,4,2,0,3,2,1,2,2,2,2,2,0,2,3,0,1,2,3,0,2,3,2,3,2,2,2,0,3,2,2,3,1,3,0,2,0,0,3,0,0,0,4,0,1,0,1,3,0,2,4,4,2,0,2,0,2,0,0,3,2,0,4,3,2,4,3,2,1,2,0,2,1
406,4,1,0,1,3,1,2,3,2,1,4,1,0,2,3,3,4,2,4,3,4,3,2,0,4,1,1,0,1,1,3,0,1,4,1,3,2,4,4,1,4,3,3,3,1,0,3,4,4,4,4,3,1,3,3,4,1,4,0,0,4,3,3,2,0,2,4,2,0,2,2,0,1,2,4
407,4,2,2,2,0,0,1,4,3,4,4,1,0,0,2,0,2,0,2,1,0,2,4,3,0,1,2,0,0,1,2,2,4,0,0,2,0,2,1,0,1,3,2,3,4,2,0,0,4,0,3,3,3,2,1,4,2,1,2,4,0,1,0,4,4,1,4,1,2,1,0,1,0,0,0
408,2,2,2,0,2,0,1,3,1,2,2,1,0,0,1,1,2,1,0,0,1,1,3,3,2,1,3,2,0,1,1,0,0,1,0,0,4,2,2,2,0,1,2,3,1,3,2,4,1,3,4,0,4,3,2,4,3,2,0,2,2,1,2,1,1,0,2,3,0,2,1,1,0,4,2
409,0,0,2,0,2,1,2,3,2,2,2,3,1,4,2,1,2,3,4,2,2,4,2,1,3,4,0,2,1,1,1,2,4,2,0,0,2,4,1,2,2,2,3,2,1,3,2,2,0,0,0,2,1,2,4,2,2,2,4,1,1,2,2,2,2,2,1,4,2,2,4,3,2,2,0
410,2,1,0,2,3,4,4,0,0,4,2,4,4,4,2,0,2,0,0,0,1,1,0,3,3,3,3,2,2,0,1,3,2,3,0,0,1,0,2,2,2,4,0,0,1,2,2,4,0,2,0,0,4,1,0,1,3,2,4,1,2,2,2,0,2,4,0,0,0,2,1,1,1,4,2
411,0,0,1,0,2,4,2,2,4,1,4,0,0,2,4,0,0,0,0,0,4,1,2,2,0,4,1,3,1,0,2,3,2,3,0,4,1,2,0,2,1,0,4,0,0,3,1,2,2,0,1,0,3,0,2,0,0,1,1,1,1,1,2,3,2,2,0,3,1,2,0,0,3,2,2
412,4,0,3,0,1,1,4,2,2,4,4,2,3,1,1,1,2,4,4,0,4,3,3,0,3,0,2,1,4,1,2,4,3,2,3,2,4,3,2,0,4,3,2,3,1,1,0,3,4,4,1,0,2,0,2,4,0,1,3,1,1,3,0,4,2,1,0,4,1,3,0,2,1,0,3
413,3,1,3,0,1,3,3,1,0,2,1,2,3,4,3,1,2,1,0,1,2,1,3,0,1,3,0,0,0,4,3,3,0,0,1,2,0,2,1,2,3,0,3,1,3,2,1,0,3,3,3,1,3,0,2,0,4,0,3,1,4,1,4,1,4,0,1,0,1,3,1,3,1,0,1
414,1,1,3,1,4,3,1,3,1,2,1,1,1,2,4,1,3,3,3,3,3,3,3,0,0,1,1,1,3,1,2,1,2,4,4,3,2,1,1,1,0,1,4,4,1,1,2,0,2,1,2,1,4,3,1,4,2,0,0,0,1,0,1,2,0,1,2,3,3,1,3,1,1,3,3
415,1,4,1,0,4,1,2,3,1,4,1,1,1,2,1,2,2,0,2,3,1,2,0,0,0,2,1,4,4,0,2,2,4,0,1,2,2,4,4,2,4,1,4,1,1,2,2,2,1,2,2,4,2,2,4,2,0,4,2,1,1,2,4,2,4,4,1,4,4,3,2,2,4,0,1
416,1,1,2,2,3,0,0,4,4,0,4,3,0,4,0,2,0,2,1,3,2,2,0,1,2,0,3,4,4,3,2,3,0,2,3,1,4,1,1,0,0,1,1,1,1,4,3,4,3,0,0,4,4,0,0,1,3,2,4,0,3,0,0,4,0,0,1,3,4,0,4,4,1,1,4
417,2,3,1,3,3,0,2,2,2,4,1,0,1,0,0,3,0,4,0,4,2,0,3,3,2,0,1,3,2,3,0,2,4,3,4,3,0,0,2,1,1,3,1,3,4,1,0,3,3,0,3,3,2,3,3,3,4,1,0,3,1,1,3,1,3,3,0,1,3,1,3,0,4,1,3
418,4,0,4,4,1,0,0,3,3,4,3,3,0,4,3,2,2,1,4,4,2,2,0,2,3,3,0,0,4,3,0,0,3,2,2,0,0,4,4,4,1,0,4,3,4,3,2,4,4,3,4,0,2,1,2,1,1,2,1,4,1,1,4,3,1,4,4,3,2,2,1,4,1,2,4
419,4,3,2,3,3,2,0,0,3,0,0,0,0,1,1,1,4,0,1,4,0,0,3,4,3,2,1,0,3,2,0,4,3,0,3,2,1,1,3,1,2,0,4,3,4,0,0,0,4,3,0,1,0,1,0,4,0,4,2,3,0,3,1,4,4,4,0,1,4,3,2,3,2,4,4
420,0,2,1,4,4,2,0,0,4,1,0,2,4,0,4,1,0,2,4,4,1,3,2,3,1,4,4,0,4,0,2,4,2,4,2,1,2,4,0,0,4,3,0,2,4,3,4,4,0,1,2,4,2,0,4,4,0,2,0,0,4,1,2,1,2,1,0,2,3,0,2,1,2,4,0
421,0,3,0,1,3,0,4,2,0,3,4,0,0,1,2,2,0,3,2,1,0,0,3,2,0,4,0,3,3,2,1,1,2,0,3,1,0,0,1,1,0,4,2,2,0,0,0,0,3,3,0,2,0,3,0,3,2,0,1,1,2,0,2,4,1,1,0,4,1,0,2,3,1,0,2
422,3,2,0,3,0,0,2,2,1,3,1,0,3,4,4,1,1,1,0,0,3,3,0,4,2,1,2,3,2,3,1,0,2,1,0,0,1,0,3,2,1,3,1,0,0,2,4,3,4,4,1,0,0,2,3,1,4,4,3,2,1,2,1,4,4,2,3,1,2,3,2,0,0,1,0
423,2,2,1,1,2,2,3,0,2,4,1,2,2,2,2,4,4,1,1,3,3,2,1,2,2,3,2,2,2,1,4,2,1,2,2,1,2,1,1,1,1,1,0,3,2,1,2,2,2,0,2,1,2,4,2,1,2,4,0,4,2,1,1,1,0,3,2,4,1,1,3,2,3,4,1
424,4,4,4,3,1,1,0,1,2,1,1,1,0,1,1,1,4,4,2,3,4,1,1,0,2,0,0,4,1,2,2,1,4,1,4,2,1,4,4,2,1,4,3,1,1,2,4,1,2,4,4,1,4,1,1,1,2,4,1,2,2,4,4,1,1,1,4,2,3,1,3,1,1,1,2
425,0,0,0,1,2,2,2,3,1,2,3,4,2,2,2,2,1,4,1,4,1,3,4,2,2,1,4,3,2,2,0,3,0,2,2,2,4,2,3,0,2,4,1,2,4,2,1,4,3,3,2,3,3,3,2,3,4,2,2,2,1,4,2,4,2,3,4,3,3,3,3,0,1,2,1
426,3,4,3,1,2,1,0,0,0,0,4,2,4,3,0,0,1,0,2,3,2,4,4,0,2,3,4,2,3,4,0,4,2,2,1,3,3,1,1,3,1,1,2,4,2,2,0,4,1,2,3,4,3,3,4,1,0,3,3,4,3,2,1,4,3,4,0,2,2,1,3,0,2,0,1
427,2,4,4,3,2,2,4,3,3,0,2,2,1,4,4,4,1,2,4,0,3,4,0,2,1,0,0,3,3,0,2,2,3,4,4,0,4,4,3,1,1,4,2,4,2,1,4,2,3,0,3,2,2,3,2,4,2,3,2,3,2,2,0,2,1,4,2,2,2,2,0,1,4,2,0
428,0,0,0,3,3,0,0,1,0,1,1,1,0,2,0,1,1,0,2,0,0,1,1,1,0,1,1,3,0,0,0,0,3,1,2,1,0,0,0,0,2,3,0,1,3,1,1,1,0,1,3,0,1,0,1,3,2,1,1,1,0,1,0,1,1,1,1,2,3,0,1,0,1,1,1
429,3,0,1,4,0,2,3,1,1,3,1,3,4,0,1,0,4,0,3,1,0,3,0,3,2,4,1,1,0,3,2,2,2,4,1,4,0,4,3,0,2,1,3,3,3,1,2,2,2,4,3,4,3,3,2,3,0,0,0,1,0,4,3,0,3,0,3,3,1,3,0,4,3,3,4
430,1,3,2,2,3,3,3,0,0,3,3,3,2,3,1,2,3,2,2,3,0,0,3,3,1,3,2,0,1,1,3,3,0,1,1,0,3,3,3,2,0,3,0,0,3,0,0,2,3,1,1,3,2,0,0,2,2,3,1,0,0,3,1,0,2,0,3,1,2,0,3,0,2,0,3
431,0,3,4,2,2,4,2,4,1,4,4,0,2,4,4,4,2,2,4,4,2,2,2,4,3,4,2,3,4,0,3,0,3,4,3,3,2,2,4,2,3,3,2,2,3,2,2,4,2,2,3,4,4,3,2,4,4,3,2,0,2,2,2,0,3,2,2,3,2,3,0,2,3,3,2
432,2,3,3,3,3,0,3,3,1,2,3,0,4,0,3,3,1,0,4,3,3,3,0,4,0,0,0,0,4,1,0,3,0,4,0,1,4,3,1,4,4,1,3,1,3,3,3,1,3,0,0,1,0,3,1,1,3,3,3,3,1,3,1,3,3,3,3,1,3,4,3,3,3,0,3
433,1,4,2,1,1,4,2,4,1,1,0,4,2,1,4,2,0,0,1,4,1,1,1,3,1,1,2,1,2,1,2,1,1,3,1,1,3,1,0,4,4,1,1,4,1,4,2,2,4,2,1,4,4,1,1,1,2,4,4,3,4,4,2,1,2,1,1,4,2,0,0,4,1,2,4
434,4,0,1,3,0,4,3,0,4,4,4,4,3,1,0,2,4,0,0,0,4,4,4,0,4,0,0,4,4,0,1,3,3,0,4,3,4,0,0,4,3,3,1,3,4,4,2,3,4,3,3,3,3,0,4,0,0,3,3,0,3,4,4,1,4,3,3,4,4,3,0,3,0,4,0
435,2,0,1,2,2,2,2,2,4,2,2,0,1,0,1,4,4,2,0,2,2,0,0,1,4,1,0,1,3,0,3,1,0,2,4,1,1,4,0,0,1,2,2,0,0,2,0,2,2,2,2,2,2,0,4,0,3,0,4,1,2,0,4,0,2,2,0,3,2,2,0,3,1,2,0
436,0,0,0,2,0,0,3,0,4,2,3,3,4,3,3,3,4,0,4,3,4,4,0,0,0,3,0,4,0,4,0,3,0,3,0,0,2,0,0,1,4,4,3,0,2,4,2,0,3,1,3,0,0,4,1,0,2,2,1,0,0,3,4,0,0,3,0,1,4,0,0,3,3,0,4
437,0,2,0,3,3,3,4,2,3,0,4,2,4,3,0,1,4,1,2,4,4,4,3,2,4,2,2,2,0,2,2,1,1,2,0,1,2,0,0,2,4,2,4,4,0,2,3,4,1,2,1,2,2,1,2,0,2,0,0,2,4,4,2,3,4,2,2,2,0,2,0,2,1,2,4
438,2,2,3,4,4,4,1,2,0,4,4,2,2,1,4,1,2,4,1,2,2,2,0,1,1,1,4,1,4,1,0,1,1,2,2,1,1,4,0,1,1,2,4,1,3,3,1,3,2,1,2,1,2,4,4,1,1,2,4,0,0,0,2,1,2,2,1,1,0,4,4,2,1,2,4
439,1,2,3,4,0,1,1,0,2,1,0,4,2,4,3,4,1,0,2,0,3,2,4,1,3,4,3,4,1,4,4,1,0,3,4,1,2,4,0,3,4,0,3,2,2,4,2,2,1,2,4,3,3,4,4,1,2,2,4,0,0,0,0,0,0,0,4,2,2,2,3,2,1,0,1
440,2,4,1,3,1,2,3,3,3,1,1,4,3,4,1,1,3,1,2,3,1,4,0,2,2,1,1,3,2,0,3,4,3,3,3,3,1,3,3,2,1,1,3,3,3,4,3,1,1,1,3,3,3,1,2,2,1,3,4,3,2,1,2,1,1,1,3,0,1,1,3,3,1,3,2
441,4,1,0,2,0,2,1,4,4,0,3,0,0,0,2,0,0,4,3,0,2,3,4,2,3,0,3,0,2,4,3,3,0,2,4,2,4,1,1,0,3,3,0,4,2,2,3,3,4,3,1,3,2,3,1,4,4,1,2,2,1,0,3,0,3,3,4,1,3,3,4,3,2,2,1
442,1,1,3,2,3,3,3,2,4,2,3,4,2,4,0,2,1,1,3,3,2,4,3,4,3,3,0,3,0,1,1,2,3,3,4,3,4,1,2,2,3,3,2,2,4,4,4,0,4,3,3,3,4,0,1,3,2,0,3,4,2,1,3,3,2,4,4,2,3,3,4,1,3,3,1
443,4,3,4,3,4,2,4,3,0,1,3,1,0,4,0,4,3,0,0,0,2,2,1,1,0,4,3,3,4,4,2,0,4,1,2,4,2,1,4,3,1,4,4,1,2,4,2,4,1,1,0,0,4,2,0,0,4,0,4,1,0,0,1,1,1,0,0,3,4,1,4,1,3,2,3
444,2,2,2,3,1,3,4,2,1,2,4,0,0,0,1,1,4,1,4,2,3,1,3,2,2,3,0,0,4,4,2,0,1,0,4,0,4,0,0,3,2,4,4,0,2,2,2,4,2,1,3,2,2,4,1,1,2,4,3,3,0,2,2,3,0,0,0,1,0,3,0,0,2,0,1
445,1,4,2,4,2,3,3,0,4,2,0,2,3,2,3,2,4,4,2,2,0,4,0,4,4,0,0,2,1,2,3,0,2,4,3,1,0,3,0,1,2,4,3,1,0,2,0,3,1,1,3,3,1,0,4,0,3,4,3,1,1,2,4,3,3,4,0,4,0,4,4,1,4,0,4
446,2,4,3,2,2,4,1,3,0,2,2,4,1,0,0,3,2,0,0,1,4,0,1,2,2,4,4,3,2,4,1,1,3,3,3,0,0,1,3,2,2,4,4,1,4,4,2,2,4,2,1,4,2,3,4,2,3,2,1,3,3,1,4,0,3,0,4,1,0,2,0,3,0,2,1
447,4,1,3,1,2,0,0,4,0,1,1,3,2,2,0,0,3,1,3,1,1,4,4,4,1,0,4,1,3,1,4,4,0,4,0,3,1,3,3,3,4,4,4,2,1,2,0,1,3,1,4,2,2,4,3,2,1,2,0,3,2,3,0,4,2,3,0,2,0,3,3,2,4,3,0
448,2,3,3,0,3,2,1,4,2,4,1,2,2,0,3,0,0,3,0,0,2,3,4,3,3,3,1,2,3,0,1,1,4,3,0,0,2,2,2,2,2,2,2,2,2,2,2,1,2,4,2,1,2,1,2,1,2,0,0,3,3,1,1,1,3,1,2,2,2,2,1,2,2,1,1
449,3,4,1,1,4,1,3,1,1,1,0,1,2,1,1,1,4,2,3,1,2,3,1,4,2,1,1,1,2,3,1,1,3,3,0,1,2,1,3,1,2,1,3,1,2,3,2,2,4,2,1,3,4,2,1,3,3,2,1,3,0,3,3,3,3,3,3,3,3,1,1,3,1,1,1
450,0,3,2,4,0,0,4,2,4,2,4,4,0,2,4,2,4,4,4,2,0,0,4,4,4,1,0,4,4,4,1,4,0,0,2,3,0,0,0,4,3,3,0,2,2,4,1,0,2,4,4,0,0,4,0,0,4,0,2,2,4,4,3,4,2,0,0,2,2,0,0,0,4,0,0
451,4,4,2,3,2,2,2,3,3,2,3,4,2,2,3,3,2,2,4,4,2,2,3,2,4,1,2,1,3,4,2,2,4,4,1,3,4,1,2,4,1,4,4,2,2,2,3,2,2,4,3,4,3,4,1,3,4,4,4,1,3,1,1,2,1,2,2,4,3,1,2,3,2,3,1
452,0,2,2,4,4,4,3,3,3,1,1,1,3,0,4,4,3,0,3,3,1,3,2,3,4,3,2,3,3,3,1,3,3,1,0,3,4,4,1,3,4,3,3,2,3,4,3,3,4,1,3,4,3,3,4,4,4,4,3,4,3,1,4,4,2,3,1,4,3,3,1,4,1,2,3
453,3,1,0,4,1,2,0,1,0,1,1,3,3,4,3,2,1,1,4,3,3,4,4,1,0,4,0,1,4,4,3,2,3,2,1,0,3,3,2,4,1,1,4,1,1,2,4,3,3,2,3,2,2,0,1,2,1,4,4,3,2,3,3,0,1,0,2,3,0,4,4,3,3,2,4
454,2,1,2,0,2,2,0,4,0,1,2,2,1,4,0,0,4,3,3,1,1,3,3,1,4,1,3,3,3,4,1,4,1,1,3,1,3,0,2,0,3,0,3,1,0,0,3,2,1,1,1,4,1,4,4,1,2,2,4,1,4,4,2,3,4,0,3,1,3,3,4,1,3,1,3
455,0,3,0,3,1,0,2,1,2,0,0,3,0,3,0,0,2,0,1,3,0,2,0,1,1,0,1,3,3,1,1,4,3,1,1,0,0,3,4,0,3,0,3,0,0,1,0,0,1,2,2,0,0,3,0,4,1,1,1,0,3,3,3,1,3,2,1,3,0,0,1,1,0,1,0
456,3,1,1,3,4,0,1,1,2,2,1,0,0,2,3,1,2,3,1,4,4,3,3,3,1,1,1,0,2,1,1,2,1,4,4,2,0,1,3,1,1,1,1,0,1,1,2,3,2,3,3,1,3,2,4,2,1,2,1,3,2,3,4,1,3,2,0,2,1,1,1,1,3,1,2
457,0,0,0,2,0,4,2,2,0,2,0,3,3,3,2,2,3,2,2,4,2,2,2,3,0,2,2,0,3,2,2,2,1,4,0,2,3,4,3,2,0,2,2,1,2,3,3,3,0,2,3,0,1,0,1,2,1,2,0,3,4,2,1,2,2,3,2,2,0,3,2,3,3,2,0
458,3,1,1,0,0,0,1,2,1,1,2,0,2,3,3,0,4,0,2,0,0,0,2,2,1,0,2,2,3,2,4,0,4,2,1,2,0,2,1,2,4,1,3,1,1,1,1,0,2,4,2,4,2,2,0,2,1,1,3,1,2,4,0,2,0,3,0,1,1,4,2,2,2,2,2
459,1,2,2,4,0,0,2,4,1,3,3,0,0,1,0,1,0,0,2,2,2,1,4,0,3,0,0,1,1,0,3,1,2,4,4,1,1,0,0,1,0,3,2,4,1,1,3,0,2,1,2,1,0,0,0,0,1,1,4,0,1,0,2,1,1,1,1,1,0,1,3,1,2,1,4
460,4,4,0,4,1,2,4,2,0,1,1,1,4,2,2,4,3,2,2,1,3,2,2,1,3,3,1,2,3,4,2,1,3,1,4,1,1,2,4,0,3,0,1,1,4,2,4,1,1,1,2,1,4,2,1,2,2,1,2,2,1,0,4,1,3,1,2,1,1,2,2,1,0,2,3
461,1,4,2,0,3,3,0,2,0,3,0,1,0,1,0,2,2,1,2,1,1,1,1,1,1,0,1,1,1,1,1,1,2,1,1,2,1,1,1,3,3,3,2,0,2,3,0,4,2,3,1,1,1,4,2,3,4,3,2,0,2,4,4,3,1,3,2,4,2,4,1,0,3,3,2
462,2,1,1,2,4,2,4,3,2,1,4,2,2,2,1,4,0,3,0,0,4,3,1,0,3,1,2,0,4,2,0,4,1,4,1,4,2,1,1,1,4,0,2,2,1,1,3,4,2,1,1,1,4,0,3,1,0,1,4,2,4,1,1,2,3,1,1,1,0,4,3,4,4,1,1
463,0,4,0,0,1,3,0,2,1,0,2,1,1,1,0,1,4,1,4,4,0,2,1,1,1,3,1,4,1,0,4,4,2,0,0,4,1,0,4,0,1,4,1,0,4,3,1,1,4,0,4,4,4,1,1,1,0,4,0,1,1,0,3,4,1,0,4,2,4,3,0,4,1,1,1
464,4,0,2,1,4,1,4,3,1,2,4,3,1,1,1,3,3,0,3,0,4,3,0,2,3,3,2,0,4,4,3,1,0,3,1,3,2,1,3,1,1,3,3,3,1,1,3,3,3,0,0,0,3,3,1,0,1,1,1,4,4,1,4,3,4,3,0,4,1,2,0,1,1,4,3
465,4,2,1,2,2,1,3,1,4,4,3,1,1,2,2,1,1,1,1,4,2,4,3,3,2,3,2,1,0,2,1,1,4,0,3,1,2,0,2,1,2,2,4,1,1,3,4,4,1,2,1,1,3,3,1,1,1,1,3,1,1,1,4,2,3,2,1,1,3,4,4,4,2,3,4
466,1,3,4,1,2,4,2,3,0,2,4,1,2,2,3,2,4,1,2,1,3,1,1,2,3,3,4,1,1,1,2,2,0,4,2,2,3,2,2,4,2,1,1,1,2,4,4,4,2,1,2,1,1,1,3,4,0,2,2,2,2,1,4,4,1,4,2,3,1,4,1,2,2,1,2
467,2,2,0,0,1,0,2,2,4,3,4,2,2,2,4,4,2,3,2,0,2,0,1,1,4,4,1,0,0,3,3,4,0,0,4,2,4,0,0,0,0,0,2,2,0,2,4,3,0,0,0,1,1,4,0,4,1,0,0,1,3,0,0,0,0,3,4,1,3,1,0,3,1,0,1
468,2,1,1,0,2,4,0,0,0,4,2,2,0,1,1,0,3,2,3,0,1,3,3,1,1,0,1,3,2,2,2,3,1,2,1,3,3,3,3,1,1,2,0,1,0,1,1,0,0,3,4,3,0,2,3,2,1,3,1,2,2,3,1,2,2,4,1,3,0,0,0,0,1,0,0
469,0,4,0,0,4,2,0,2,2,2,4,3,4,2,2,2,3,2,2,2,2,2,1,0,2,2,3,2,2,2,2,3,4,2,2,2,2,2,0,4,3,1,0,3,1,1,1,2,4,4,3,3,2,4,2,3,2,0,0,3,2,4,4,4,1,0,0,0,0,4,2,0,3,3,0
470,0,4,4,4,1,1,1,3,4,4,4,1,1,3,3,4,0,0,3,1,0,1,1,3,3,3,2,2,2,1,4,4,1,0,3,3,1,1,3,1,1,4,3,4,3,4,2,1,4,0,3,1,0,0,0,3,1,3,0,3,1,2,1,1,4,3,2,1,1,4,1,1,0,1,2
471,2,4,4,1,2,2,3,4,4,2,2,1,4,3,3,2,4,1,4,3,4,0,4,4,2,2,0,1,0,4,3,4,3,0,2,4,0,3,4,2,3,2,2,2,2,0,4,4,0,3,4,0,1,2,4,2,2,4,4,4,2,1,1,1,3,3,3,3,4,2,3,2,0,3,0
472,4,3,4,2,2,0,4,0,2,4,3,2,0,4,4,0,3,0,0,4,0,3,3,2,4,0,1,2,3,1,4,4,2,4,2,3,0,1,4,2,0,4,2,2,2,2,4,1,0,0,4,2,2,4,3,4,2,0,0,4,3,1,0,3,2,2,4,4,1,2,4,3,4,1,4
473,2,3,2,2,0,3,3,2,3,3,0,2,0,3,3,0,3,2,4,4,4,3,3,1,3,4,3,3,2,0,2,3,0,2,0,2,0,3,0,4,0,2,2,2,0,3,0,3,0,0,3,3,2,3,4,2,3,3,2,0,3,0,3,2,0,0,0,3,2,3,0,2,3,2,2
474,0,4,3,2,2,1,4,2,1,3,4,1,1,1,3,1,4,3,0,4,4,1,1,1,4,3,2,2,3,4,0,3,3,0,3,4,4,1,2,2,4,0,3,4,0,1,0,3,1,4,1,4,3,4,0,0,2,4,4,2,2,0,4,0,2,0,2,0,2,4,3,3,2,4,2
475,1,0,4,0,3,4,3,0,0,0,3,0,0,3,0,0,0,0,3,4,0,4,2,0,1,0,4,0,1,0,1,0,3,3,0,3,3,4,3,4,2,3,4,3,4,0,3,0,0,0,0,0,0,1,3,4,3,1,2,3,3,4,3,0,3,0,1,4,4,4,3,3,0,3,3
476,2,4,1,1,0,4,3,4,1,1,4,1,1,1,3,3,1,4,3,4,4,3,1,3,0,1,4,3,1,0,4,1,4,2,4,4,3,1,0,1,4,2,1,4,4,3,1,1,4,3,0,4,2,0,4,3,1,4,3,4,3,1,4,4,3,1,1,3,3,1,3,3,4,3,1
477,0,0,0,2,3,4,4,4,4,2,0,3,0,0,2,2,0,3,4,2,3,0,0,3,4,3,0,2,2,0,3,4,1,3,3,4,1,4,3,4,0,4,4,0,3,0,2,1,2,2,4,0,0,0,1,4,0,0,0,4,0,1,1,4,0,0,4,2,0,2,0,0,4,4,2
478,1,3,4,1,2,1,1,1,4,3,1,1,1,4,1,2,1,4,0,4,2,0,4,3,1,2,1,2,4,2,1,4,4,2,1,4,1,4,2,4,1,4,4,4,1,1,0,0,1,2,4,2,2,2,1,4,4,2,0,2,4,0,4,1,2,0,4,1,4,4,4,1,4,4,2
479,3,0,4,4,1,4,0,2,4,3,3,4,0,1,0,0,3,3,3,3,3,3,3,3,1,0,4,1,0,4,3,3,3,1,3,3,3,3,3,3,1,0,3,4,1,0,2,1,0,3,4,3,3,3,4,3,0,2,0,3,4,4,1,4,3,3,1,3,3,0,0,2,0,2,1
480,0,1,1,2,0,4,0,4,0,2,2,4,0,2,1,1,2,1,4,2,0,4,2,1,3,0,1,1,0,4,1,0,1,4,2,1,4,0,0,4,4,1,4,1,1,4,1,0,0,0,2,4,1,0,4,1,4,0,1,0,4,4,0,4,2,1,1,4,4,1,2,4,2,3,1
481,3,2,2,4,0,1,1,2,3,2,4,3,4,0,3,3,3,2,3,0,3,2,4,1,3,3,3,3,3,3,4,1,0,4,1,0,1,2,3,3,0,3,3,3,0,3,2,4,0,3,2,4,0,2,3,1,1,1,4,1,3,3,2,3,3,0,3,3,1,2,3,1,0,2,0
482,0,0,0,1,0,3,0,1,1,3,4,2,4,0,0,1,1,0,0,0,0,0,4,0,4,4,2,1,1,1,1,1,0,4,1,1,1,2,0,0,2,2,4,4,2,2,0,2,0,3,0,4,0,1,1,0,2,0,0,2,4,4,4,0,0,4,0,3,0,0,4,3,2,1,4
483,2,1,2,1,1,2,2,4,1,2,3,0,2,2,2,0,3,2,2,2,2,0,3,4,4,3,4,1,4,4,3,0,4,1,2,0,4,3,4,0,1,1,1,1,2,1,0,0,0,4,0,1,1,1,0,2,1,1,1,2,2,3,1,3,2,1,2,3,2,4,1,3,3,0,1
484,0,2,4,4,3,0,1,4,3,4,1,4,0,2,4,4,0,4,1,0,4,1,3,2,2,1,4,4,3,0,1,3,4,2,2,4,4,4,4,2,3,4,0,1,4,0,2,4,1,4,1,1,1,4,2,4,2,0,2,4,4,4,1,4,3,4,2,2,2,1,0,0,3,2,3
485,1,2,2,4,1,3,3,3,2,2,2,3,1,3,2,3,2,2,2,3,1,2,3,2,2,2,3,4,1,4,2,2,3,2,4,2,1,2,2,2,2,4,4,4,2,1,2,2,4,2,2,4,0,0,2,1,4,0,2,2,0,2,3,1,2,2,3,1,2,2,1,1,3,2,0
486,3,1,2,3,4,1,0,1,1,3,4,3,2,3,1,1,3,1,4,4,0,2,2,3,4,3,2,1,2,1,4,3,0,4,2,4,1,2,3,0,4,4,3,1,2,1,2,1,2,0,0,4,2,2,3,2,1,3,2,1,4,2,3,2,3,2,1,3,3,4,3,2,1,3,4
487,1,0,0,1,2,2,1,3,2,4,0,2,2,4,0,2,2,4,0,1,2,2,4,2,4,0,3,2,1,1,1,0,1,4,0,2,2,3,4,1,4,0,4,1,1,1,1,2,1,4,2,3,3,1,1,1,4,4,0,1,0,1,0,0,2,1,2,4,0,2,2,2,4,2,1
488,1,2,1,4,4,4,1,2,1,1,1,1,4,4,4,1,2,2,1,4,3,1,2,4,0,1,2,0,1,2,2,0,2,1,3,3,2,1,1,1,2,4,3,3,4,2,2,0,2,3,3,2,1,2,1,0,1,1,1,3,0,1,1,4,1,1,3,2,1,2,3,2,1,2,2
489,3,3,0,0,0,1,3,4,2,4,0,2,3,3,2,3,0,3,4,4,4,2,3,1,3,4,3,3,0,4,4,3,2,4,3,0,4,3,4,4,3,3,4,3,3,4,0,3,3,3,3,0,0,4,4,0,3,4,4,3,4,3,4,3,4,2,3,4,4,4,2,4,2,3,3
490,1,0,0,1,1,3,0,4,2,2,4,0,0,0,1,4,3,1,2,3,1,3,2,0,1,0,0,2,0,1,1,0,1,4,1,1,0,4,1,2,1,2,2,4,1,0,1,4,1,1,1,4,4,0,4,0,0,0,2,3,3,4,1,1,0,0,1,2,2,0,1,0,1,1,0
491,2,0,4,4,2,3,4,4,0,4,2,0,2,3,0,3,2,4,4,4,0,4,4,4,0,3,4,1,4,0,3,2,4,4,0,4,3,4,4,3,4,2,2,4,4,4,4,4,4,2,2,3,4,4,3,0,4,4,0,2,4,2,4,2,2,2,3,4,0,4,2,2,4,4,3
492,0,1,3,3,3,0,3,0,0,0,2,0,0,3,3,3,4,2,1,0,4,1,0,2,4,2,2,1,3,3,1,0,2,0,0,1,2,1,1,3,2,1,0,3,3,0,1,1,1,0,0,2,0,1,1,0,4,0,3,3,0,1,0,0,2,1,4,3,3,2,3,3,0,1,2
493,4,4,3,0,0,3,3,0,0,0,4,3,0,4,4,1,3,0,0,0,3,0,4,4,3,4,0,4,3,3,3,0,2,0,0,3,1,3,4,0,0,1,3,1,4,3,3,3,2,2,4,3,4,1,0,0,3,0,0,1,0,4,0,4,0,3,1,0,3,1,3,0,4,0,0
494,2,1,4,1,1,2,4,1,0,4,4,1,1,4,1,0,1,4,0,3,0,4,4,4,1,1,1,4,4,1,0,1,0,0,0,3,2,4,3,1,0,4,0,1,4,1,1,1,4,4,1,4,1,4,4,0,0,1,1,0,1,2,4,1,1,2,1,1,4,0,4,2,4,2,2
495,2,1,4,2,2,1,1,1,0,0,0,1,2,4,0,1,0,2,3,1,3,2,1,2,2,1,0,3,3,1,2,0,1,1,0,0,1,3,1,2,1,3,2,1,2,3,2,1,1,1,1,0,0,0,1,0,3,3,0,1,2,1,1,4,4,0,3,1,1,3,4,3,3,1,1
496,2,1,0,4,0,0,4,3,2,4,0,0,0,3,4,4,4,3,3,0,0,4,0,0,2,3,3,2,1,1,2,4,4,0,3,2,0,0,2,2,4,4,3,0,3,0,3,0,3,4,0,0,0,2,2,0,0,2,0,2,0,2,0,0,4,0,1,2,3,4,2,3,4,0,3
497,1,4,3,4,1,4,0,2,1,2,3,2,1,2,3,0,1,3,1,0,3,1,1,2,3,2,0,2,1,3,3,2,1,3,0,4,0,0,0,0,2,0,4,0,1,0,3,2,4,0,3,3,1,3,4,3,4,2,1,2,0,2,2,2,4,2,0,3,4,0,2,2,4,0,3
498,3,2,2,4,4,4,1,4,2,1,4,4,3,3,0,0,4,2,2,3,2,3,0,1,4,4,1,3,3,4,2,4,2,4,1,1,4,1,2,1,4,2,2,3,1,0,1,0,3,0,2,2,1,1,4,3,4,2,0,1,2,2,2,2,1,1,0,0,2,2,0,1,3,1,3
499,3,3,0,0,1,0,1,2,4,2,4,4,2,3,4,2,0,4,2,0,3,2,0,2,4,2,1,2,0,2,1,4,3,3,3,1,2,3,4,2,0,0,2,3,2,4,2,3,2,2,3,1,3,2,2,0,4,3,3,2,4,3,0,3,1,0,2,3,3,2,2,4,4,2,1
500,4,3,1,1,1,1,0,0,4,2,2,1,2,3,3,2,2,2,0,1,2,3,2,2,1,0,3,3,0,0,0,1,2,2,3,2,0,0,4,4,4,0,1,3,2,3,3,3,0,3,4,4,0,2,2,0,1,0,0,0,1,1,4,0,3,2,3,2,3,3,4,2,2,0,2
501,1,1,0,2,2,2,2,1,2,0,2,0,0,2,3,3,1,2,2,2,0,0,3,2,4,1,0,1,2,0,2,2,2,2,2,1,2,1,0,3,0,2,0,1,4,3,3,1,3,3,1,1,2,1,3,0,0,3,1,1,4,3,1,3,0,1,0,1,1,4,1,2,1,3,1
502,3,0,4,4,3,3,4,1,3,4,0,3,3,0,4,3,3,0,2,3,3,3,4,2,0,4,0,1,4,1,2,0,2,1,0,3,3,3,0,4,0,4,3,3,0,3,0,0,3,4,0,3,2,3,0,4,4,0,1,0,4,0,1,0,4,1,3,0,3,1,3,0,3,3,4
503,3,1,1,1,1,1,2,3,1,1,0,3,2,2,4,4,2,4,1,2,3,1,4,4,0,1,2,2,1,2,2,1,4,4,0,3,3,1,4,0,1,1,3,0,3,4,0,0,3,1,1,1,0,1,3,2,1,1,1,4,1,2,2,1,4,1,0,2,0,3,2,1,2,1,1
504,0,3,1,1,1,0,2,4,2,1,1,4,3,3,0,0,2,2,4,4,1,0,3,1,3,1,2,1,1,2,3,1,3,1,2,1,0,4,4,4,1,3,3,1,2,4,2,3,1,0,0,4,1,3,4,4,2,2,4,0,2,3,1,2,0,1,2,0,3,0,1,0,1,4,0
505,3,3,3,3,0,3,4,3,3,3,4,2,3,2,2,3,3,4,2,1,0,3,4,0,3,3,0,0,3,0,3,4,4,3,3,3,2,2,4,3,1,4,3,4,0,3,4,2,3,3,3,4,3,3,1,0,2,4,0,2,3,4,3,3,0,4,4,4,1,0,1,3,0,3,0
506,3,4,3,2,2,1,4,4,1,4,3,1,3,1,4,4,0,0,1,4,4,4,1,4,0,0,3,4,0,3,4,1,2,4,4,4,3,0,3,2,4,1,2,2,4,3,1,2,1,4,4,2,0,2,3,3,1,2,4,0,1,4,3,0,4,2,2,4,3,4,1,3,3,2,4
507,3,2,1,3,0,2,2,2,0,2,1,1,4,3,0,1,0,3,4,1,1,3,0,0,0,3,4,3,0,4,4,1,1,2,1,1,0,3,3,0,4,1,2,3,4,2,0,2,2,2,2,2,4,1,1,0,0,3,0,1,1,2,3,4,0,2,1,0,0,3,0,1,2,4,0
508,1,2,0,2,1,0,2,2,4,1,2,2,3,2,1,3,2,1,2,2,3,2,1,0,0,3,4,1,2,1,1,0,0,2,2,3,3,1,3,4,0,0,0,3,1,0,0,3,3,2,0,3,1,2,2,3,1,3,3,2,1,1,4,3,4,2,3,3,1,2,1,2,0,0,4
509,1,1,4,1,3,2,1,1,1,1,2,2,3,4,4,1,3,4,1,4,3,4,1,3,1,3,1,2,1,3,4,3,1,4,1,4,2,1,1,1,1,4,1,3,4,1,1,1,4,1,4,1,1,1,4,1,1,3,4,1,1,1,1,3,4,1,2,1,4,1,4,1,1,1,3
510,2,3,4,3,2,0,2,0,2,3,0,3,4,3,0,2,2,2,2,2,0,4,3,2,0,3,0,2,2,4,2,4,2,0,1,3,0,0,0,0,0,4,2,0,0,4,2,4,2,3,3,3,0,4,4,3,2,1,2,2,2,2,4,4,0,0,3,2,3,0,3,0,4,4,2
511,2,1,3,3,3,0,0,1,1,3,2,0,2,4,0,1,0,3,0,1,0,4,3,4,1,4,0,0,2,3,1,3,3,1,2,0,3,0,0,4,3,0,3,3,3,1,2,4,0,3,0,4,2,1,4,4,1,3,0,0,0,1,1,4,0,3,0,0,1,0,0,2,0,4,1
512,0,4,2,2,0,2,2,4,2,2,4,4,3,2,0,0,0,0,0,4,4,0,4,0,2,0,4,2,3,1,2,0,0,4,3,3,0,4,4,4,4,0,4,2,0,0,2,4,0,2,3,3,3,3,4,3,2,0,2,1,0,4,1,4,1,2,3,0,4,0,1,3,4,0,3
513,4,2,4,4,2,0,1,1,3,0,1,2,4,2,0,3,3,4,0,1,2,4,3,1,1,3,4,4,3,2,2,4,1,4,4,4,1,3,4,3,4,4,2,0,1,4,0,4,0,1,1,2,3,2,4,4,4,1,4,2,4,3,3,1,1,4,1,3,4,2,4,1,3,0,2
514,3,2,2,2,2,3,0,3,3,0,2,3,3,3,0,2,3,0,2,2,3,4,3,0,4,2,2,1,2,3,3,2,3,4,1,3,2,3,4,1,4,3,2,0,4,4,3,0,3,0,0,3,2,3,0,2,3,4,0,4,4,1,2,2,1,2,3,3,2,2,2,2,1,4,2
515,1,4,0,1,0,0,0,3,4,1,2,2,4,3,0,1,0,1,2,0,0,1,1,0,1,3,4,1,4,2,1,3,0,4,0,0,2,2,2,1,4,2,1,3,3,4,2,0,3,0,1,0,2,4,0,0,3,0,4,2,3,1,0,3,0,0,3,0,2,4,3,3,3,4,2
516,1,0,3,3,0,1,4,3,4,3,1,2,0,4,4,2,4,0,3,4,2,1,3,3,4,4,0,4,4,0,1,2,1,3,3,0,2,4,2,3,3,0,0,0,4,4,3,3,4,3,2,0,0,2,0,0,2,3,0,4,0,4,0,2,4,3,2,3,3,4,3,3,3,0,0
517,4,4,4,4,0,4,1,0,4,4,0,1,4,2,2,4,2,0,1,4,4,0,4,0,3,1,2,1,1,1,3,3,0,0,1,0,0,4,0,2,3,0,3,1,1,3,1,3,1,0,0,0,1,2,0,2,0,1,3,0,2,2,3,3,0,2,0,2,1,3,4,0,2,3,4
518,1,1,3,1,1,1,3,3,4,4,1,3,0,0,4,2,0,1,2,1,4,2,2,3,1,4,0,0,1,1,0,1,3,1,1,2,2,0,2,3,4,3,3,0,3,0,2,1,4,0,3,4,1,1,3,3,1,0,0,1,1,0,3,2,1,1,4,4,0,2,3,3,0,1,0
519,1,4,2,3,1,3,2,1,2,4,2,2,0,4,4,0,4,1,4,4,2,0,4,1,2,1,2,0,0,2,3,2,4,2,1,0,2,4,1,1,2,2,2,3,2,4,0,4,2,1,1,2,0,3,3,2,2,0,2,3,0,4,0,4,0,1,2,3,1,1,1,3,1,1,3
520,4,3,2,0,3,1,3,2,3,3,1,1,0,0,0,0,2,2,0,0,0,3,3,1,2,2,3,4,4,2,4,2,0,4,1,3,0,0,2,3,2,1,3,3,0,0,2,2,3,0,0,2,4,1,3,0,3,2,4,0,1,2,0,4,1,3,0,3,4,2,1,2,2,4,3
521,3,4,4,3,1,3,2,4,4,0,0,0,4,3,2,1,0,2,3,0,3,0,1,3,4,0,3,1,0,4,3,2,0,3,2,3,0,3,2,2,3,1,0,3,0,2,3,2,4,1,0,2,0,0,1,2,0,0,1,1,1,3,3,1,4,0,2,1,4,1,4,0,0,3,0
522,3,1,4,3,3,2,3,1,0,3,2,1,4,1,1,4,1,4,4,1,1,1,3,4,4,4,0,1,2,4,1,1,4,2,3,4,3,1,1,4,3,1,1,1,2,4,4,2,1,2,2,4,1,4,3,1,4,3,4,4,1,2,3,3,3,4,2,3,3,3,0,3,3,1,4
523,0,1,0,0,2,0,0,1,0,3,3,3,2,4,2,2,0,4,0,3,3,2,0,3,1,3,0,4,1,3,2,0,3,2,1,3,0,3,0,0,0,3,1,0,3,0,3,2,3,0,2,0,1,4,1,3,0,0,0,1,1,3,0,3,0,4,1,2,3,2,0,0,4,0,1
524,3,0,2,4,4,4,3,1,0,3,3,4,4,1,1,0,0,0,1,4,0,3,4,1,0,2,0,4,0,1,1,3,2,3,0,4,0,1,1,4,0,3,2,4,0,4,0,1,1,4,4,3,2,2,4,3,2,0,3,2,0,0,0,4,0,4,0,0,3,1,4,4,1,4,0
525,0,2,0,1,4,2,0,2,3,0,3,0,0,1,0,1,4,0,1,2,2,2,0,2,2,1,3,0,0,1,4,3,3,0,0,0,1,0,4,3,1,3,2,2,1,1,0,0,0,1,0,2,2,0,4,1,4,4,0,0,3,3,2,4,0,1,1,3,3,3,0,0,2,2,3
526,4,1,1,0,3,3,2,3,3,3,3,2,1,2,1,4,3,2,1,1,4,4,1,2,1,2,1,1,2,3,3,3,0,3,3,1,2,1,0,3,1,4,0,1,4,4,4,2,1,2,3,0,3,1,2,2,3,1,0,4,2,1,1,1,1,4,4,1,1,0,2,4,1,1,1
527,1,1,3,3,3,3,1,2,3,1,1,1,2,3,3,1,3,3,3,3,1,3,1,3,3,1,1,2,3,1,1,1,2,2,1,2,0,3,3,1,1,4,3,3,2,0,3,2,1,1,1,2,2,4,1,0,2,3,1,3,3,2,0,2,3,3,2,3,2,1,2,1,3,1,3
528,2,4,0,3,0,2,0,0,2,2,0,3,4,3,4,0,4,1,3,1,0,0,0,3,4,0,4,0,3,1,3,3,4,2,3,0,0,0,0,3,0,2,3,3,2,0,2,4,3,0,3,0,3,3,0,3,0,1,0,0,2,0,3,1,0,0,0,2,2,3,0,1,0,3,2
529,4,3,3,3,0,4,4,4,3,1,0,0,0,1,0,4,0,4,3,0,4,1,3,0,0,0,4,4,1,4,4,2,0,0,0,2,0,1,2,0,0,4,2,4,2,4,0,4,2,1,1,3,0,0,2,2,4,0,1,0,0,2,3,3,0,0,3,0,3,0,2,4,3,0,3
530,1,1,2,3,1,1,1,2,1,0,2,1,1,1,1,0,1,4,1,1,1,1,2,2,2,1,1,3,1,0,2,1,0,0,0,1,1,0,3,1,4,3,2,2,2,1,1,1,1,1,4,1,1,1,1,3,1,1,3,0,1,1,1,1,4,1,2,2,1,1,1,4,2,1,1
531,0,0,2,3,0,2,0,0,4,3,4,0,1,4,3,3,2,3,3,2,0,4,2,2,4,1,4,4,1,0,3,3,2,3,3,0,3,0,0,3,0,3,3,0,3,0,2,0,0,3,1,0,4,0,3,0,2,0,3,2,2,3,3,3,0,4,0,2,0,2,3,0,2,0,2
532,0,0,4,4,0,2,1,3,4,2,2,4,2,3,1,1,3,4,0,3,3,1,4,3,1,4,0,1,4,3,0,1,0,2,1,4,4,2,0,0,0,4,4,3,4,3,4,3,3,4,3,0,4,3,1,3,0,4,1,4,1,0,0,0,4,3,3,4,1,2,0,4,4,4,4
533,1,1,1,1,2,1,1,1,1,0,4,4,1,2,1,1,1,0,1,0,4,2,0,0,2,0,1,1,1,4,1,2,1,0,1,0,1,4,3,1,0,1,0,1,4,1,2,4,0,1,0,1,4,0,3,1,1,2,0,4,1,2,4,1,4,0,0,0,0,1,1,1,2,1,1
534,1,0,3,3,4,4,4,1,1,4,3,3,2,4,1,1,4,1,3,3,3,0,0,1,4,0,3,4,0,4,4,1,3,0,2,4,3,1,1,4,4,4,0,4,4,4,1,1,4,0,1,3,3,0,3,1,4,3,1,0,3,3,1,1,1,3,4,0,3,4,0,3,3,4,4
535,1,3,1,0,1,4,3,2,4,2,1,1,0,0,0,1,1,4,4,0,0,0,0,4,4,0,1,3,1,1,0,3,4,2,1,1,1,1,0,3,3,0,2,1,1,0,1,4,1,0,1,1,1,1,0,3,1,4,4,1,4,4,1,4,3,1,4,0,1,1,1,4,1,4,2
536,1,0,3,4,0,4,0,0,3,1,1,3,1,1,1,4,1,3,0,4,1,4,4,1,4,0,3,4,3,3,1,1,4,0,1,0,4,1,1,1,0,0,1,4,1,1,0,1,3,0,1,4,4,1,4,3,0,2,1,0,1,1,4,1,0,1,1,1,0,1,3,1,0,1,1
537,2,3,3,3,3,4,3,1,3,3,1,1,1,3,2,4,4,3,1,3,0,2,1,1,3,4,3,2,1,4,2,0,1,3,1,4,1,3,4,3,3,4,2,3,0,0,1,3,4,4,3,3,2,3,4,1,3,4,1,3,0,4,1,3,3,2,2,0,3,4,1,3,1,3,1
538,3,1,4,4,2,0,2,1,4,1,1,1,1,1,2,0,1,2,1,1,2,1,2,2,2,3,1,2,3,2,1,2,2,3,2,2,4,2,4,3,0,3,2,2,1,2,2,1,2,1,1,4,0,4,4,1,1,3,2,0,2,0,4,4,1,2,1,2,2,1,0,4,2,2,1
539,2,2,2,3,0,4,2,4,4,2,3,2,0,3,0,3,2,4,2,3,2,0,4,3,0,4,3,4,3,0,3,2,3,0,3,2,4,4,0,2,4,2,0,4,2,4,4,3,4,2,0,0,2,1,2,3,2,2,0,4,3,3,0,3,0,0,2,3,4,4,2,0,2,3,4
540,2,4,0,0,1,2,1,1,1,3,2,0,2,2,2,3,2,1,1,0,0,1,2,1,2,2,0,2,0,2,2,3,2,0,4,1,1,4,1,1,2,2,1,1,1,1,2,4,1,4,2,0,1,1,0,0,0,2,1,3,0,2,0,4,1,2,1,3,0,0,1,2,4,4,2
541,2,0,4,2,2,2,4,0,2,4,4,3,4,3,4,4,0,3,0,0,3,4,0,2,4,3,3,3,3,3,3,4,2,3,3,4,4,4,3,3,3,3,4,3,1,0,0,0,0,0,4,1,3,2,4,0,0,3,3,0,0,4,0,4,3,4,0,4,0,3,1,0,2,3,3
542,2,2,3,2,4,4,4,2,2,3,1,0,4,3,0,3,1,2,1,2,3,2,1,4,0,2,0,1,2,3,0,2,0,4,0,2,2,2,2,3,4,1,3,2,0,1,0,2,3,4,2,3,3,2,4,0,1,2,3,1,2,3,1,3,1,3,0,0,2,0,0,0,3,4,4
543,1,2,0,3,3,2,1,3,0,2,2,3,3,2,0,2,2,1,1,2,2,2,2,3,1,4,2,2,2,2,2,2,3,2,3,2,4,2,2,2,1,2,3,2,2,0,4,0,4,2,1,4,2,2,3,2,4,2,2,2,2,3,4,3,2,3,0,1,3,3,3,0,3,4,4
544,0,3,0,0,3,1,0,3,0,4,0,2,3,3,0,1,0,1,3,0,0,1,2,3,0,3,4,1,4,4,2,3,2,4,1,1,3,0,3,0,4,0,2,3,0,0,3,1,1,1,3,0,0,3,3,0,0,4,1,0,0,2,2,1,4,1,3,3,0,1,2,4,3,0,0
545,4,4,4,1,1,3,0,1,1,2,3,0,3,1,0,4,4,2,3,2,1,2,2,0,2,1,1,4,2,2,1,0,2,3,0,3,3,3,4,0,4,0,4,1,0,4,4,3,1,4,1,4,2,3,4,4,1,2,3,3,0,4,0,3,3,1,1,4,3,3,3,2,2,3,1
546,2,3,0,1,4,4,2,1,3,3,0,3,1,0,4,2,0,1,3,0,4,0,2,1,4,4,1,1,4,3,3,4,3,3,4,0,3,2,3,1,2,4,4,3,2,3,4,1,4,2,4,2,3,1,0,3,4,1,4,2,0,1,2,4,2,2,3,4,2,3,2,3,3,4,2
547,2,2,4,2,2,4,0,3,3,3,2,4,4,3,0,3,0,0,0,2,0,0,2,1,0,0,0,0,1,2,1,1,2,0,2,1,2,4,2,2,0,1,1,0,3,2,0,0,4,4,1,4,3,4,0,2,3,3,2,2,3,0,4,4,1,3,3,2,3,4,2,4,4,2,0
548,1,0,1,2,1,0,2,3,1,3,1,2,2,1,2,3,2,1,1,0,1,0,0,1,2,2,0,2,0,0,1,0,3,0,2,2,3,0,0,3,4,1,1,3,1,0,1,0,1,0,0,0,0,1,0,0,0,1,0,1,1,0,0,0,2,3,1,1,0,0,0,1,3,2,0
549,4,0,1,2,1,3,4,2,0,1,4,4,4,0,4,2,2,1,1,0,1,1,4,4,1,2,4,4,2,3,2,0,1,2,3,0,2,3,4,0,1,2,0,1,1,1,4,1,3,2,4,1,4,1,4,0,0,2,3,1,1,1,4,2,3,3,3,0,3,2,0,4,0,3,1
550,0,2,4,3,1,4,1,1,2,0,4,0,0,4,4,3,2,3,2,1,4,3,3,3,0,2,3,3,2,3,1,2,4,1,3,4,4,1,0,1,2,4,3,1,1,2,3,3,3,0,0,2,2,4,4,1,3,2,2,3,0,1,1,3,4,2,4,1,3,2,3,4,4,4,2
551,1,1,2,2,0,3,2,1,2,2,2,2,1,1,2,1,1,1,4,1,2,2,1,2,3,1,1,3,2,3,0,0,1,2,2,0,2,2,3,1,1,2,3,0,0,2,3,2,1,2,2,1,2,0,1,2,0,3,2,1,2,1,2,2,1,4,4,1,1,2,4,2,4,1,1
552,2,1,2,3,4,3,3,4,4,0,4,0,4,0,3,4,1,4,3,0,3,4,3,4,4,3,0,4,0,3,2,4,4,4,3,4,4,4,4,4,3,3,3,3,0,4,4,0,3,1,0,0,3,4,3,1,2,3,3,2,0,2,3,3,2,3,3,4,4,0,4,3,4,4,4
553,4,4,0,2,3,0,0,4,3,0,2,0,1,4,0,4,2,4,0,0,0,4,2,1,0,1,0,2,1,2,1,2,0,3,2,0,1,0,0,2,1,2,0,0,0,0,0,0,0,0,0,2,0,0,2,1,0,0,0,4,2,3,0,0,4,0,3,0,4,0,3,4,4,1,3
554,2,4,4,0,4,4,2,0,0,4,0,3,4,4,1,2,0,1,0,3,4,4,0,1,3,3,0,0,4,0,2,1,4,0,0,1,4,4,4,1,0,1,0,4,4,3,3,3,4,1,0,3,1,0,1,0,0,3,4,0,3,0,3,2,3,4,2,4,4,3,1,3,0,0,0
555,4,2,1,2,4,0,2,3,0,3,0,4,0,0,2,0,3,3,3,2,3,4,0,0,0,0,0,2,0,3,2,0,3,2,1,4,1,2,1,0,2,2,2,0,1,2,2,0,0,4,3,2,0,1,3,3,4,4,2,3,1,3,3,2,0,1,1,0,2,2,3,0,2,4,4
556,3,4,2,1,4,4,2,1,2,2,2,4,1,4,4,3,2,4,2,2,4,4,1,2,1,4,1,4,4,2,1,4,4,3,4,4,1,1,1,4,4,1,4,3,2,1,4,4,3,1,4,4,4,4,4,4,4,1,2,0,1,4,1,2,1,0,1,3,4,1,4,1,0,1,2
557,3,3,3,3,4,3,3,1,2,2,2,2,2,0,3,4,2,2,3,4,2,0,4,0,4,2,4,4,0,2,2,1,2,0,2,4,0,0,4,2,2,4,4,4,4,2,1,1,0,2,3,3,4,2,2,2,2,2,0,2,3,4,2,3,0,2,0,0,3,2,2,1,0,1,3
558,1,1,0,3,0,2,0,0,0,3,2,3,3,3,0,0,0,2,0,1,3,1,1,0,0,4,1,2,3,4,1,0,1,0,3,1,4,2,1,4,1,0,3,3,3,2,3,2,1,1,1,2,0,3,2,1,2,0,3,1,2,4,1,2,0,3,2,0,2,3,4,0,0,1,2
559,4,4,1,3,2,1,2,0,3,2,1,1,3,0,2,1,3,2,3,1,2,3,4,3,2,4,4,2,0,3,1,1,2,4,4,3,0,3,4,0,3,4,3,3,4,3,2,1,2,3,2,2,4,3,4,0,1,2,4,1,1,4,3,1,3,2,2,2,0,3,1,4,3,3,3
560,2,0,2,1,0,0,2,3,2,4,3,1,0,1,1,2,0,4,0,2,1,1,3,2,1,2,3,0,4,2,4,2,0,0,2,0,2,3,4,2,0,1,4,2,2,4,1,3,3,2,1,1,2,3,3,0,1,2,4,1,1,1,1,4,4,0,0,1,1,1,3,0,1,3,2
561,2,0,0,2,0,1,0,4,1,0,0,1,0,2,1,1,0,0,0,1,4,1,4,0,1,2,4,1,4,0,1,1,1,1,4,0,4,0,1,4,1,1,0,0,1,0,1,1,1,2,0,4,1,0,1,1,1,4,0,1,0,0,2,1,0,4,4,0,0,2,0,0,4,1,1
562,1,4,3,0,1,1,4,3,1,2,2,3,4,4,2,3,0,1,2,4,2,0,3,4,1,3,4,3,0,1,4,4,2,4,2,4,3,1,3,4,1,1,0,3,2,1,4,2,3,4,4,0,4,4,3,4,4,1,1,4,1,4,1,3,3,4,4,1,1,4,0,4,3,4,3
563,0,3,0,4,0,2,2,4,0,3,0,1,2,2,1,2,2,0,3,2,0,1,3,3,4,4,4,1,3,0,1,2,2,1,4,2,4,0,4,1,2,4,0,0,4,1,2,3,0,2,3,2,2,4,1,1,3,2,4,0,3,3,2,2,2,0,4,2,0,1,1,0,0,4,1
564,4,3,0,0,2,0,0,1,1,2,0,1,1,2,0,2,0,0,1,2,3,0,2,1,1,1,0,1,1,4,4,2,2,4,0,3,1,1,1,3,0,2,4,2,3,1,4,3,1,0,3,1,3,3,4,3,0,4,4,1,0,2,0,0,0,0,1,1,0,4,1,2,0,2,1
565,1,2,2,4,4,2,2,0,0,4,2,1,3,4,2,1,1,2,1,4,4,3,4,1,0,4,0,3,3,4,2,3,4,2,2,2,0,4,0,4,3,3,3,2,1,4,4,3,2,3,4,3,0,3,0,1,2,3,3,3,2,3,1,4,2,0,0,1,2,4,4,4,4,2,2
566,3,4,4,3,2,4,4,4,0,1,3,1,1,2,0,4,3,3,3,1,3,0,1,1,4,4,1,3,1,3,1,3,1,4,4,2,2,2,2,2,3,4,1,2,4,2,1,4,4,1,4,4,1,1,3,1,2,0,4,4,1,3,2,4,1,3,2,0,4,0,3,1,1,1,4
567,0,3,3,1,1,0,2,3,3,3,0,3,4,2,3,3,1,1,0,0,3,2,2,1,2,0,3,0,0,3,1,0,0,3,0,3,1,0,4,3,3,3,3,3,1,2,0,1,3,4,4,2,3,1,1,0,2,1,3,0,1,0,0,3,4,3,3,3,2,1,0,2,3,3,0
568,2,0,0,2,3,1,1,3,2,0,3,1,2,0,3,1,0,4,0,0,0,1,3,3,1,3,3,2,3,2,2,1,1,3,1,1,4,3,4,0,4,1,1,4,4,0,1,1,4,3,3,0,1,4,0,1,2,2,4,3,4,0,1,0,4,2,2,1,0,1,2,0,4,0,2
569,1,0,0,2,0,2,2,2,4,2,3,3,3,4,2,4,2,4,3,0,3,2,1,4,2,3,3,4,4,3,4,3,2,4,0,0,3,3,4,3,4,4,4,2,4,2,2,4,4,2,1,3,3,4,4,4,4,3,2,4,3,3,4,4,3,3,1,4,2,2,2,0,2,2,4
570,0,2,4,3,4,4,2,4,1,3,0,3,4,3,3,4,3,3,4,1,3,4,4,3,4,4,4,0,4,1,1,3,2,3,1,3,3,3,2,4,3,4,1,4,4,4,1,4,1,4,2,1,4,3,2,4,3,4,4,4,4,4,0,4,2,3,3,4,4,1,4,0,3,4,4
571,1,4,4,3,1,0,0,0,3,4,4,4,2,4,0,0,4,1,4,2,1,4,0,3,0,3,4,2,4,4,0,3,4,1,1,0,4,2,4,0,0,3,0,2,3,4,0,0,1,2,3,2,2,2,4,1,1,2,0,2,4,3,4,0,2,1,3,1,4,0,1,2,2,3,1
572,0,3,4,4,2,3,1,1,3,0,0,2,0,1,3,2,0,0,4,1,0,0,4,2,1,3,3,4,4,0,3,2,3,3,1,3,3,2,4,3,0,1,3,0,3,4,0,3,4,1,4,2,0,1,0,4,1,0,3,2,2,3,2,4,1,4,1,2,4,4,0,3,1,1,2
573,2,3,1,1,0,0,1,4,0,1,0,1,3,0,0,1,0,1,2,0,1,2,2,1,1,3,0,4,1,0,3,3,4,0,2,4,1,4,2,1,1,0,4,0,3,0,1,0,1,0,3,1,3,1,3,0,1,2,4,2,1,4,0,1,4,1,0,0,1,1,3,4,1,1,4
574,1,0,3,3,2,4,3,0,4,4,1,2,4,1,2,1,3,2,0,3,4,1,3,1,1,3,4,3,4,1,1,1,0,4,0,0,3,1,0,3,0,3,3,4,3,4,4,1,4,2,2,4,4,3,1,1,1,4,2,3,1,2,2,4,2,3,0,1,1,0,2,2,3,3,0
575,2,3,2,0,4,3,3,2,2,0,2,4,2,2,4,3,4,2,0,1,1,1,2,3,2,0,2,4,1,4,4,3,4,3,2,2,4,0,1,0,3,2,0,1,2,4,0,2,3,2,2,2,1,2,4,2,1,2,0,2,2,4,2,2,0,2,1,4,4,4,4,4,2,2,4
576,0,0,4,1,0,3,3,1,1,3,0,3,2,2,0,3,1,3,2,0,0,0,2,3,0,0,1,3,2,1,2,3,2,1,2,0,3,0,2,0,0,2,0,0,0,3,1,1,4,1,0,1,1,3,1,0,1,4,0,0,0,0,3,2,3,0,1,1,0,4,4,1,2,0,4
577,3,3,2,2,2,1,4,2,3,0,2,3,2,2,2,2,2,3,2,3,3,2,3,2,2,2,2,3,2,3,2,0,4,2,2,2,3,2,2,2,3,2,2,3,3,2,2,0,2,0,3,2,0,3,2,2,2,2,0,1,3,3,3,4,1,2,2,3,3,0,3,0,2,0,0
578,4,4,4,2,2,4,2,4,0,1,2,0,0,2,4,3,4,0,3,3,0,1,0,0,4,0,2,4,0,0,2,0,2,0,4,2,4,3,4,2,4,3,0,1,2,1,1,3,4,1,3,4,4,2,1,0,2,4,4,0,0,3,2,2,4,0,4,1,0,4,3,3,0,2,2
579,4,1,2,4,2,2,2,1,0,0,4,4,2,3,2,3,0,3,3,3,4,3,1,4,3,4,3,4,3,3,4,2,1,4,0,4,3,2,0,2,2,1,2,4,0,3,4,2,3,3,2,2,2,3,3,2,4,3,0,4,3,4,4,2,2,3,4,3,3,4,2,3,4,4,2
580,0,3,0,0,0,0,1,0,4,1,4,2,0,0,4,4,0,1,4,4,0,0,4,4,0,4,2,3,4,0,0,1,0,0,3,1,2,4,4,0,1,0,0,3,2,0,0,0,4,0,0,0,0,1,0,4,4,4,0,0,3,1,3,3,0,0,3,4,3,4,1,0,3,1,4
581,0,3,3,2,4,1,2,2,0,0,0,0,1,1,1,1,2,3,3,2,1,1,1,2,3,1,0,3,2,3,0,0,0,0,1,1,4,0,0,2,2,1,1,3,3,1,1,1,1,2,1,3,0,1,3,3,1,2,1,2,0,3,3,0,0,1,1,1,1,3,1,0,3,4,4
582,3,4,3,3,3,1,3,3,3,0,2,2,3,3,1,2,2,3,3,1,3,2,1,2,3,2,2,3,3,3,2,3,3,3,3,3,0,2,3,3,1,3,2,0,0,2,2,3,2,0,3,3,0,3,3,3,2,3,0,3,1,3,2,0,2,3,2,2,0,0,3,2,0,0,3
583,4,1,3,0,0,4,4,3,4,4,1,2,3,0,1,0,4,4,0,4,3,1,1,1,0,3,1,4,4,2,1,0,1,1,3,3,4,4,4,0,3,4,2,2,2,0,0,1,3,0,0,1,4,2,1,4,4,1,4,4,0,2,4,3,2,0,1,2,3,4,0,4,3,1,4
584,2,3,0,1,3,1,4,2,3,2,2,4,3,3,2,3,2,2,3,2,3,3,2,3,3,3,1,2,1,2,3,1,0,3,2,0,3,4,0,3,2,3,4,3,3,4,3,2,3,3,3,2,2,3,1,3,3,2,3,3,2,0,1,0,0,3,3,3,0,3,3,1,1,3,0
585,0,0,1,1,2,3,1,4,4,4,4,0,1,4,0,1,4,1,0,4,4,2,4,4,0,1,4,0,0,4,4,1,0,2,1,2,2,4,0,1,4,1,1,4,0,1,0,4,1,1,1,2,0,4,0,1,4,0,2,0,1,2,2,1,2,4,1,4,1,1,2,4,2,0,0
586,3,1,0,1,1,4,1,1,3,1,1,2,0,1,3,0,3,1,0,1,4,0,1,1,4,0,1,1,4,3,2,1,1,3,1,1,1,2,3,1,1,2,4,3,1,0,4,3,1,3,1,1,2,4,4,4,2,1,4,1,1,1,3,1,1,4,4,3,1,4,4,3,1,3,3
587,1,1,1,0,0,2,0,2,2,2,3,4,3,2,2,2,1,4,1,4,4,2,1,1,4,4,1,0,3,4,0,4,2,4,3,4,1,4,3,2,1,4,4,4,2,0,4,1,4,1,3,2,2,1,4,3,3,4,4,4,1,0,2,4,1,0,1,0,2,1,0,4,4,4,4
588,2,0,0,4,3,0,2,3,4,0,1,2,3,3,3,0,3,2,1,1,4,2,4,3,0,3,4,2,2,4,4,0,2,1,0,4,0,4,0,3,2,3,0,0,4,4,0,1,0,0,0,1,3,3,1,0,3,4,0,4,2,3,0,2,0,3,3,0,2,1,3,4,0,0,1
589,3,0,0,3,2,4,1,3,0,2,2,2,2,3,3,2,4,2,0,4,0,1,2,1,2,4,2,3,2,4,2,1,4,2,0,4,4,0,2,1,4,3,3,4,4,0,2,3,0,4,3,2,2,4,1,1,4,1,0,2,2,3,0,1,1,4,3,0,4,4,0,3,4,4,4
590,1,4,1,2,0,4,4,1,0,3,0,0,3,4,2,2,4,0,0,1,4,1,1,3,3,1,2,2,3,4,4,3,0,0,0,0,1,3,2,3,4,4,1,2,0,3,0,4,3,3,0,3,3,3,0,0,4,0,2,3,3,3,3,1,2,1,4,1,1,1,2,0,1,0,0
591,0,1,0,2,2,1,2,0,0,3,0,0,0,1,3,3,0,0,4,2,1,3,0,1,2,0,2,4,1,0,3,3,4,3,1,1,3,0,2,3,0,4,0,0,1,2,2,2,1,3,3,2,0,1,2,4,4,0,2,2,1,3,0,2,2,0,3,0,0,3,0,1,4,1,0
592,1,2,1,2,1,0,3,1,3,2,3,1,3,1,3,2,1,3,1,1,2,1,1,3,3,1,1,1,3,1,3,1,1,2,1,2,3,1,1,2,1,1,3,3,1,1,2,3,1,1,0,1,4,2,1,3,3,1,0,1,1,3,1,0,1,0,2,1,4,1,0,1,1,3,3
593,2,3,3,0,3,1,4,2,2,3,4,1,2,3,2,4,4,3,1,2,0,1,0,2,1,2,2,0,2,1,2,0,4,1,2,0,3,1,4,2,0,3,0,1,1,2,4,3,4,2,4,2,0,1,4,2,3,3,1,0,2,3,4,1,0,4,0,0,1,1,0,1,2,3,2
594,4,4,4,1,1,2,0,1,4,4,1,0,2,0,4,0,3,2,0,2,4,2,3,3,3,1,1,4,3,3,4,0,4,3,3,0,1,1,3,1,1,1,0,1,0,1,3,0,3,1,3,1,0,0,1,4,0,2,0,0,2,3,1,4,0,2,0,3,4,3,1,1,4,4,2
595,3,2,0,3,0,0,2,2,2,1,3,0,4,1,0,1,3,4,0,3,4,3,2,4,3,3,0,1,2,1,0,2,4,1,3,1,3,0,1,3,0,4,3,0,0,1,4,0,0,2,3,3,3,1,2,4,0,1,3,2,2,3,2,2,4,3,2,3,4,2,4,3,2,2,1
596,1,4,1,2,2,4,3,4,1,1,1,1,4,1,4,0,4,4,2,1,0,2,1,1,2,1,1,3,3,3,4,1,0,1,0,1,0,4,1,4,0,0,3,4,1,2,1,4,4,4,4,4,3,4,4,2,2,0,3,2,3,2,0,2,0,4,4,1,1,3,4,1,4,1,3
597,1,2,4,1,4,4,4,0,1,4,4,4,4,4,2,3,3,2,1,3,0,4,0,4,1,4,3,3,1,1,1,0,4,3,3,4,4,3,2,1,2,4,1,4,3,4,4,1,4,1,4,1,4,3,3,1,3,4,1,4,4,0,4,4,2,4,3,4,2,3,2,4,4,4,4
598,1,0,1,3,0,0,4,4,4,3,3,3,3,2,2,2,3,2,3,0,4,3,3,3,4,4,4,2,1,3,3,3,3,0,2,4,4,4,0,2,3,4,4,2,2,3,3,3,2,0,0,1,3,0,0,4,4,0,2,3,4,2,2,3,1,0,3,0,2,4,3,4,2,2,4
599,3,0,0,2,0,2,1,3,0,3,3,0,0,0,3,4,3,2,3,2,0,0,4,2,0,2,4,2,0,4,2,2,4,2,4,4,4,4,2,3,0,0,1,3,4,3,0,0,1,0,4,4,2,4,0,1,4,0,1,4,2,0,2,4,4,1,4,3,0,0,0,2,0,1,3
