filename,label
24_4909.jpg,24
0_4922.jpg,0
17_3969.jpg,17
3_4787.jpg,3
25_4920.jpg,25
5_4007.jpg,5
5_4734.jpg,5
13_4042.jpg,13
6_4664.jpg,6
15_4926.jpg,15
18_4187.jpg,18
20_4336.jpg,20
19_4637.jpg,19
32_4023.jpg,32
34_4561.jpg,34
32_4759.jpg,32
28_3878.jpg,28
24_4470.jpg,24
2_4877.jpg,2
8_4707.jpg,8
16_4954.jpg,16
13_4692.jpg,13
14_4454.jpg,14
4_4699.jpg,4
9_4164.jpg,9
22_4445.jpg,22
17_4890.jpg,17
36_4765.jpg,36
8_3809.jpg,8
10_4763.jpg,10
6_4210.jpg,6
24_4803.jpg,24
32_4488.jpg,32
30_3805.jpg,30
6_4839.jpg,6
2_4338.jpg,2
29_3741.jpg,29
18_3874.jpg,18
5_4247.jpg,5
2_5083.jpg,2
20_4111.jpg,20
36_4782.jpg,36
29_3880.jpg,29
26_4554.jpg,26
30_5088.jpg,30
8_3922.jpg,8
36_4714.jpg,36
8_4148.jpg,8
20_5010.jpg,20
10_4167.jpg,10
7_4087.jpg,7
28_4918.jpg,28
28_4677.jpg,28
25_4902.jpg,25
6_4085.jpg,26
9_4627.jpg,0
28_4057.jpg,28
25_4430.jpg,25
23_4842.jpg,23
5_3744.jpg,5
22_3953.jpg,22
30_3925.jpg,30
32_3996.jpg,32
28_3924.jpg,28
12_5157.jpg,12
29_4549.jpg,29
5_4891.jpg,5
3_4046.jpg,4
25_4139.jpg,25
3_4240.jpg,3
1_5171.jpg,1
15_4607.jpg,15
31_4341.jpg,31
30_4257.jpg,30
18_5057.jpg,18
2_4250.jpg,2
27_4619.jpg,27
23_3752.jpg,23
28_4975.jpg,28
36_5055.jpg,36
24_4184.jpg,24
35_4429.jpg,35
33_4723.jpg,33
14_4202.jpg,14
32_5149.jpg,32
24_4327.jpg,24
1_4145.jpg,1
30_3941.jpg,30
35_4278.jpg,35
12_4810.jpg,12
4_4365.jpg,4
2_4149.jpg,34
35_4913.jpg,35
9_5087.jpg,9
35_4949.jpg,35
2_3800.jpg,2
29_4218.jpg,29
3_4731.jpg,3
27_4302.jpg,27
24_4911.jpg,24
15_4897.jpg,15
33_4199.jpg,33
4_4262.jpg,4
36_4120.jpg,36
12_3775.jpg,12
26_4395.jpg,26
12_4816.jpg,12
3_4059.jpg,3
22_3902.jpg,22
24_3762.jpg,24
22_4384.jpg,22
24_5108.jpg,24
28_4097.jpg,28
30_4478.jpg,30
1_4115.jpg,1
14_3993.jpg,14
4_4767.jpg,4
35_3986.jpg,35
27_4283.jpg,27
5_4818.jpg,5
32_4758.jpg,32
12_3842.jpg,12
13_4284.jpg,13
18_3873.jpg,18
6_4380.jpg,6
29_4958.jpg,29
23_3765.jpg,23
27_3703.jpg,27
17_5006.jpg,17
15_5051.jpg,15
15_4697.jpg,15
11_4656.jpg,11
18_4929.jpg,18
7_4906.jpg,7
5_3916.jpg,5
29_4178.jpg,29
11_4424.jpg,11
4_4233.jpg,4
32_4198.jpg,32
26_4952.jpg,26
24_4081.jpg,24
2_3788.jpg,2
25_4031.jpg,25
7_4289.jpg,7
3_4532.jpg,3
9_3683.jpg,11
34_5142.jpg,34
8_4520.jpg,8
2_4914.jpg,2
7_4418.jpg,7
36_4311.jpg,36
5_3780.jpg,5
33_4385.jpg,33
33_3905.jpg,10
17_3900.jpg,17
8_3698.jpg,8
22_4016.jpg,22
17_4162.jpg,17
14_4103.jpg,14
8_4774.jpg,8
30_4370.jpg,30
4_4225.jpg,4
31_4769.jpg,31
16_4138.jpg,16
16_3850.jpg,35
30_3846.jpg,30
18_4847.jpg,18
27_3726.jpg,27
30_4676.jpg,30
36_4136.jpg,36
33_4112.jpg,33
10_3730.jpg,10
21_4177.jpg,21
9_4362.jpg,9
31_4005.jpg,31
16_4419.jpg,16
24_4388.jpg,24
26_4584.jpg,26
29_4960.jpg,29
20_5026.jpg,20
5_3791.jpg,5
0_4587.jpg,0
26_3700.jpg,24
26_4556.jpg,26
23_4571.jpg,23
2_3758.jpg,2
10_4832.jpg,10
13_4861.jpg,13
4_4862.jpg,4
27_3897.jpg,9
18_3784.jpg,18
0_4645.jpg,0
24_4165.jpg,24
30_3755.jpg,30
22_4387.jpg,22
30_4794.jpg,30
13_3826.jpg,13
15_5122.jpg,15
13_4980.jpg,13
28_3814.jpg,28
36_3882.jpg,36
26_4399.jpg,26
13_4944.jpg,13
30_3921.jpg,30
11_5040.jpg,11
26_4077.jpg,6
15_4942.jpg,15
20_4401.jpg,20
19_4812.jpg,19
3_4224.jpg,3
18_3776.jpg,18
8_3733.jpg,8
24_5160.jpg,24
33_3799.jpg,33
10_4509.jpg,10
30_3951.jpg,30
28_5141.jpg,28
35_4722.jpg,35
9_3838.jpg,9
35_4359.jpg,35
9_4339.jpg,9
13_5045.jpg,13
8_4817.jpg,8
14_4334.jpg,14
18_5096.jpg,18
19_3757.jpg,19
17_4725.jpg,17
4_4510.jpg,4
26_4741.jpg,6
22_4498.jpg,22
30_4238.jpg,30
23_4780.jpg,23
21_4325.jpg,21
6_3962.jpg,6
8_5177.jpg,1
31_4021.jpg,31
6_3955.jpg,6
17_5061.jpg,17
23_5169.jpg,23
22_5124.jpg,22
26_5139.jpg,26
27_4157.jpg,27
17_4833.jpg,17
2_4285.jpg,2
24_3724.jpg,24
31_3912.jpg,31
28_5090.jpg,28
2_4222.jpg,2
33_4724.jpg,33
32_4642.jpg,6
33_4813.jpg,33
24_4295.jpg,24
14_3862.jpg,14
31_4648.jpg,31
10_4258.jpg,10
9_4110.jpg,9
4_4628.jpg,4
5_3747.jpg,5
17_4867.jpg,17
24_4735.jpg,24
29_3899.jpg,29
15_4558.jpg,15
23_4467.jpg,20
20_3949.jpg,20
30_5131.jpg,30
14_4018.jpg,14
22_3854.jpg,22
36_4326.jpg,36
5_3804.jpg,5
9_4875.jpg,9
10_4888.jpg,10
22_5170.jpg,22
35_4426.jpg,35
3_3715.jpg,3
20_4729.jpg,20
33_4481.jpg,33
0_4069.jpg,0
1_4883.jpg,1
3_3783.jpg,3
1_3767.jpg,1
21_4518.jpg,21
34_4568.jpg,34
1_4460.jpg,1
13_5100.jpg,13
5_4946.jpg,5
22_3808.jpg,22
28_4118.jpg,28
30_4166.jpg,30
6_4355.jpg,6
10_4093.jpg,10
25_5089.jpg,25
26_3864.jpg,26
20_5167.jpg,20
18_4602.jpg,18
20_4781.jpg,20
26_5120.jpg,26
11_4941.jpg,11
3_4495.jpg,3
30_4610.jpg,30
8_4747.jpg,1
0_4209.jpg,0
35_4592.jpg,35
17_4437.jpg,17
3_4704.jpg,3
11_5102.jpg,11
26_4641.jpg,26
21_4095.jpg,21
21_4313.jpg,21
0_4930.jpg,0
0_4576.jpg,0
23_3970.jpg,23
11_5027.jpg,11
11_4479.jpg,11
23_5069.jpg,23
4_4517.jpg,4
31_4440.jpg,31
11_4390.jpg,11
19_4153.jpg,19
6_4050.jpg,26
3_4204.jpg,3
8_3998.jpg,8
18_4337.jpg,18
23_4304.jpg,20
30_4969.jpg,30
6_4086.jpg,6
23_4024.jpg,23
6_4739.jpg,6
29_4987.jpg,29
18_3771.jpg,18
1_4792.jpg,1
27_4745.jpg,27
19_4523.jpg,19
2_3695.jpg,2
4_5056.jpg,4
7_4865.jpg,7
22_3888.jpg,22
2_4227.jpg,2
5_4705.jpg,5
17_4669.jpg,17
36_4964.jpg,36
28_4377.jpg,28
25_5105.jpg,25
8_4988.jpg,8
7_4330.jpg,7
12_4886.jpg,12
24_4574.jpg,24
10_4229.jpg,10
11_3883.jpg,11
36_4126.jpg,36
0_4698.jpg,0
9_3696.jpg,9
19_3938.jpg,19
4_4263.jpg,4
13_4932.jpg,13
28_4927.jpg,28
1_4475.jpg,1
6_4301.jpg,26
23_3866.jpg,23
12_4991.jpg,12
15_4137.jpg,28
24_4695.jpg,24
26_3790.jpg,26
27_4934.jpg,27
19_3821.jpg,19
10_5121.jpg,10
21_4591.jpg,21
22_4063.jpg,22
11_4248.jpg,11
21_4483.jpg,21
13_4181.jpg,13
1_5158.jpg,1
35_4736.jpg,35
20_4744.jpg,20
18_4043.jpg,18
29_4363.jpg,29
17_4141.jpg,17
14_3908.jpg,14
22_4709.jpg,22
0_5115.jpg,0
4_4531.jpg,4
19_3712.jpg,19
33_4195.jpg,33
22_4019.jpg,22
24_4575.jpg,24
21_4777.jpg,21
9_3751.jpg,9
25_4771.jpg,8
10_4034.jpg,10
13_4798.jpg,13
27_4435.jpg,27
19_4504.jpg,19
9_4644.jpg,9
27_4617.jpg,27
20_4801.jpg,20
12_3714.jpg,12
13_3894.jpg,13
15_4060.jpg,15
19_4234.jpg,19
29_4746.jpg,29
14_5155.jpg,14
10_5016.jpg,10
30_4273.jpg,30
11_3910.jpg,11
21_4815.jpg,21
14_4899.jpg,14
23_4342.jpg,23
19_3845.jpg,19
3_4091.jpg,3
23_4287.jpg,23
16_4846.jpg,16
10_5130.jpg,10
18_4578.jpg,18
18_5032.jpg,18
23_5017.jpg,30
1_4687.jpg,8
14_4546.jpg,14
9_4079.jpg,9
4_4032.jpg,4
11_3918.jpg,11
17_3933.jpg,17
18_3731.jpg,18
19_4595.jpg,19
9_4756.jpg,9
31_4259.jpg,31
12_4548.jpg,12
11_3926.jpg,11
0_5135.jpg,0
12_5173.jpg,12
31_4962.jpg,31
25_4582.jpg,25
36_5033.jpg,36
33_4491.jpg,33
1_3708.jpg,8
6_4706.jpg,6
18_4132.jpg,18
16_5084.jpg,16
15_4800.jpg,15
14_4860.jpg,14
14_4173.jpg,14
34_4806.jpg,34
24_4790.jpg,24
30_4982.jpg,30
13_4854.jpg,13
31_4994.jpg,31
14_4332.jpg,14
34_4288.jpg,34
22_3823.jpg,22
31_4489.jpg,31
21_4605.jpg,21
5_5028.jpg,5
22_4028.jpg,22
8_4256.jpg,8
8_5023.jpg,8
3_4528.jpg,3
27_4364.jpg,27
10_5104.jpg,10
7_4989.jpg,7
20_5012.jpg,20
25_3691.jpg,25
13_4158.jpg,4
11_4293.jpg,11
14_4205.jpg,14
15_4776.jpg,15
0_4194.jpg,0
26_4542.jpg,6
5_4730.jpg,20
32_3967.jpg,32
1_5004.jpg,1
28_4071.jpg,28
2_4848.jpg,2
7_5143.jpg,7
0_3694.jpg,0
18_4347.jpg,18
0_4797.jpg,0
20_4015.jpg,20
19_5079.jpg,19
24_4369.jpg,24
31_4749.jpg,31
20_5053.jpg,20
13_4266.jpg,13
36_4267.jpg,36
14_3828.jpg,14
15_4708.jpg,15
11_3745.jpg,11
9_4441.jpg,9
19_4300.jpg,19
0_3704.jpg,0
29_3995.jpg,29
2_3829.jpg,2
10_5034.jpg,10
22_5176.jpg,22
16_4442.jpg,16
31_4044.jpg,31
16_4773.jpg,16
21_4213.jpg,21
31_4386.jpg,31
27_4826.jpg,27
0_4620.jpg,0
20_4672.jpg,20
23_3820.jpg,23
3_4612.jpg,3
34_4089.jpg,34
12_4186.jpg,12
10_4058.jpg,10
2_4113.jpg,2
12_4657.jpg,12
9_4618.jpg,9
31_4150.jpg,31
7_3737.jpg,7
30_3915.jpg,30
28_5052.jpg,28
1_4983.jpg,1
28_3693.jpg,28
14_4569.jpg,14
9_4360.jpg,11
11_4425.jpg,11
25_4323.jpg,25
10_4972.jpg,10
11_4654.jpg,11
13_4999.jpg,13
8_4144.jpg,8
17_4344.jpg,17
13_4711.jpg,13
13_4719.jpg,13
27_4691.jpg,27
29_3688.jpg,29
12_4130.jpg,12
26_4508.jpg,26
13_4008.jpg,13
36_4606.jpg,36
34_3822.jpg,34
34_3984.jpg,34
33_4051.jpg,33
19_4728.jpg,19
30_5022.jpg,30
1_4239.jpg,1
25_4626.jpg,25
35_4640.jpg,35
27_4764.jpg,27
15_4102.jpg,15
16_3734.jpg,16
20_3699.jpg,20
5_4146.jpg,5
36_5085.jpg,36
11_4931.jpg,5
35_4116.jpg,35
28_4840.jpg,28
27_5065.jpg,27
18_4400.jpg,18
2_4775.jpg,2
2_4040.jpg,2
27_4236.jpg,27
9_4907.jpg,9
34_3870.jpg,34
17_4067.jpg,17
29_3868.jpg,29
3_4917.jpg,3
7_4183.jpg,7
28_4720.jpg,28
32_3884.jpg,32
16_4037.jpg,16
22_4476.jpg,22
36_4882.jpg,36
10_3927.jpg,10
21_4444.jpg,21
36_4795.jpg,36
33_3872.jpg,33
27_4598.jpg,27
18_4379.jpg,18
6_3766.jpg,6
30_4553.jpg,30
4_4453.jpg,4
25_5049.jpg,25
16_4876.jpg,16
25_4919.jpg,25
6_4978.jpg,32
14_3686.jpg,14
27_5144.jpg,27
5_4471.jpg,5
29_4893.jpg,29
21_5152.jpg,21
32_4107.jpg,32
9_4397.jpg,9
6_4101.jpg,6
14_3885.jpg,14
23_4681.jpg,23
6_4422.jpg,6
1_3689.jpg,1
23_3980.jpg,23
7_4090.jpg,7
34_4152.jpg,2
12_5054.jpg,12
5_4170.jpg,5
24_4406.jpg,24
24_3817.jpg,24
30_4376.jpg,30
7_4318.jpg,7
1_3892.jpg,1
4_4586.jpg,4
15_4986.jpg,15
27_4541.jpg,27
11_4185.jpg,11
3_3964.jpg,3
34_3867.jpg,34
15_4133.jpg,15
2_3898.jpg,34
0_5163.jpg,0
20_5103.jpg,20
0_3687.jpg,0
1_5062.jpg,1
9_4161.jpg,9
9_4702.jpg,9
13_4779.jpg,13
9_4382.jpg,9
3_4827.jpg,3
15_5030.jpg,15
9_4174.jpg,9
7_3886.jpg,7
34_4565.jpg,34
15_3753.jpg,15
20_4577.jpg,20
5_3839.jpg,5
26_4514.jpg,26
34_4013.jpg,34
17_3769.jpg,17
21_4219.jpg,21
27_4506.jpg,27
11_4898.jpg,11
11_4006.jpg,11
10_4712.jpg,24
32_3876.jpg,32
34_4580.jpg,1
3_4143.jpg,3
8_5042.jpg,8
36_4450.jpg,36
1_4169.jpg,1
33_4310.jpg,33
3_3947.jpg,3
8_4588.jpg,8
27_4343.jpg,27
32_4981.jpg,32
8_4335.jpg,8
21_4511.jpg,21
4_4371.jpg,4
12_4252.jpg,12
16_4368.jpg,16
25_3889.jpg,25
24_4997.jpg,24
18_4726.jpg,18
30_3723.jpg,30
18_3881.jpg,18
8_5168.jpg,8
9_4659.jpg,7
18_4646.jpg,18
1_4859.jpg,1
22_4366.jpg,22
13_5003.jpg,13
25_4083.jpg,25
27_4951.jpg,27
31_3749.jpg,31
24_4732.jpg,24
31_4231.jpg,31
19_4329.jpg,19
4_3705.jpg,4
8_4880.jpg,8
19_4246.jpg,19
35_4594.jpg,35
4_4155.jpg,4
18_4894.jpg,18
31_3830.jpg,31
1_5154.jpg,1
24_4010.jpg,24
4_3904.jpg,4
3_4525.jpg,3
23_3746.jpg,23
7_3812.jpg,7
14_4455.jpg,14
0_4410.jpg,0
4_5140.jpg,4
12_4197.jpg,12
33_5116.jpg,33
3_4653.jpg,3
11_4041.jpg,11
16_4020.jpg,16
19_4789.jpg,19
20_4761.jpg,20
29_3890.jpg,29
5_4849.jpg,5
5_5078.jpg,5
4_5109.jpg,3
6_4206.jpg,6
23_4684.jpg,26
30_5175.jpg,30
2_4973.jpg,2
21_3957.jpg,21
23_4449.jpg,23
22_4974.jpg,22
4_3946.jpg,4
8_4521.jpg,8
21_4505.jpg,21
10_3939.jpg,10
22_4106.jpg,22
11_4924.jpg,11
15_4439.jpg,15
27_4940.jpg,27
5_4799.jpg,5
29_4398.jpg,29
6_4408.jpg,26
11_4297.jpg,11
10_3796.jpg,10
21_3934.jpg,21
31_4993.jpg,31
3_5018.jpg,3
21_3735.jpg,21
31_3801.jpg,31
16_4937.jpg,16
17_4276.jpg,17
9_3807.jpg,9
28_4968.jpg,28
11_5107.jpg,11
16_5099.jpg,16
31_4039.jpg,31
6_3831.jpg,6
25_4375.jpg,25
3_3719.jpg,3
32_5123.jpg,32
0_4853.jpg,0
31_5047.jpg,31
17_3877.jpg,17
2_4661.jpg,34
6_4433.jpg,6
0_3778.jpg,0
33_4196.jpg,33
12_4557.jpg,12
16_3684.jpg,16
31_5031.jpg,31
7_4513.jpg,7
21_4292.jpg,21
18_4750.jpg,18
3_4242.jpg,3
5_4274.jpg,5
17_4412.jpg,17
30_3903.jpg,30
10_5098.jpg,10
27_3965.jpg,9
14_4938.jpg,14
17_5178.jpg,17
35_4567.jpg,35
9_4047.jpg,9
28_4570.jpg,28
13_4690.jpg,13
22_5166.jpg,22
7_3729.jpg,7
13_5071.jpg,13
5_4212.jpg,5
18_4114.jpg,18
5_4564.jpg,5
14_3818.jpg,14
19_5076.jpg,19
32_4099.jpg,32
33_3760.jpg,33
18_5086.jpg,18
26_4624.jpg,26
35_4948.jpg,35
6_4526.jpg,6
29_4306.jpg,29
13_3931.jpg,13
17_4321.jpg,17
20_4864.jpg,20
12_5073.jpg,12
24_4134.jpg,24
12_4808.jpg,12
4_4314.jpg,4
22_3920.jpg,22
35_4835.jpg,35
23_3859.jpg,23
5_4407.jpg,5
25_4066.jpg,25
31_5015.jpg,31
9_3813.jpg,9
14_4688.jpg,14
15_4268.jpg,15
33_3742.jpg,33
35_4786.jpg,35
12_4947.jpg,12
36_5039.jpg,36
35_4415.jpg,35
17_4477.jpg,17
34_4328.jpg,34
4_4279.jpg,4
36_5112.jpg,36
7_3811.jpg,7
10_4119.jpg,10
24_4873.jpg,24
23_4281.jpg,23
32_4631.jpg,32
6_4432.jpg,26
17_4080.jpg,17
1_4417.jpg,1
9_4374.jpg,27
7_4275.jpg,7
6_5151.jpg,6
1_3891.jpg,1
31_4604.jpg,31
11_3833.jpg,11
12_4900.jpg,12
20_4703.jpg,20
6_3860.jpg,6
29_3988.jpg,29
15_3803.jpg,15
26_3863.jpg,26
5_4979.jpg,5
25_5041.jpg,25
15_4291.jpg,15
3_4673.jpg,3
35_4870.jpg,35
23_4625.jpg,23
5_4305.jpg,5
20_4885.jpg,20
5_4191.jpg,5
2_4650.jpg,2
10_4065.jpg,10
12_3917.jpg,12
8_4277.jpg,8
31_4507.jpg,31
31_3841.jpg,31
14_4889.jpg,14
12_5150.jpg,12
17_5058.jpg,17
24_4547.jpg,24
30_4623.jpg,30
29_4485.jpg,29
14_4322.jpg,14
17_4652.jpg,17
32_3985.jpg,32
16_4413.jpg,16
30_4768.jpg,30
6_4629.jpg,6
19_5029.jpg,19
9_4009.jpg,9
20_4970.jpg,20
16_4869.jpg,16
14_4851.jpg,14
3_4666.jpg,4
25_5110.jpg,25
13_4601.jpg,13
18_4207.jpg,18
14_4674.jpg,14
10_4345.jpg,10
27_3819.jpg,27
21_4950.jpg,21
12_5036.jpg,12
29_3761.jpg,29
21_4487.jpg,21
1_3711.jpg,1
23_4971.jpg,23
20_4583.jpg,5
23_4752.jpg,23
9_5172.jpg,9
8_4474.jpg,8
35_4701.jpg,35
15_4685.jpg,15
34_4235.jpg,34
15_5037.jpg,15
24_4639.jpg,24
8_3716.jpg,1
16_3911.jpg,16
16_4961.jpg,16
8_4464.jpg,8
29_5075.jpg,29
17_4892.jpg,17
0_5114.jpg,0
9_4935.jpg,9
23_4270.jpg,23
0_4829.jpg,0
33_4871.jpg,33
2_4796.jpg,34
20_5097.jpg,20
27_4104.jpg,27
16_4828.jpg,16
29_3756.jpg,29
26_4611.jpg,26
0_4405.jpg,0
19_3722.jpg,19
34_3997.jpg,2
16_3895.jpg,16
29_4976.jpg,29
0_4331.jpg,0
23_4456.jpg,23
8_5132.jpg,8
12_4243.jpg,12
9_4451.jpg,9
1_4634.jpg,1
4_4957.jpg,4
8_5138.jpg,8
32_4667.jpg,32
15_4855.jpg,15
12_4055.jpg,12
31_4830.jpg,31
21_4837.jpg,21
11_4955.jpg,11
9_5127.jpg,9
32_5063.jpg,32
31_3728.jpg,31
22_4354.jpg,22
25_4105.jpg,25
25_4446.jpg,25
29_4545.jpg,29
13_4823.jpg,13
22_3966.jpg,22
1_3792.jpg,1
23_4351.jpg,23
30_3802.jpg,30
36_5067.jpg,36
16_4519.jpg,16
22_5035.jpg,22
27_4682.jpg,27
1_3690.jpg,1
32_4423.jpg,32
21_4175.jpg,21
33_4473.jpg,33
12_4599.jpg,12
30_4001.jpg,30
13_4168.jpg,13
35_5068.jpg,35
33_4841.jpg,33
14_4683.jpg,14
34_3835.jpg,34
22_4852.jpg,22
5_4613.jpg,5
36_5072.jpg,36
7_4349.jpg,7
3_4552.jpg,3
24_4403.jpg,24
2_5091.jpg,2
20_4459.jpg,20
28_4135.jpg,28
13_4537.jpg,13
24_4241.jpg,24
0_4715.jpg,0
34_4925.jpg,34
18_4772.jpg,18
5_4737.jpg,5
33_3849.jpg,33
33_4076.jpg,33
26_4272.jpg,26
32_3773.jpg,32
14_4316.jpg,14
21_3992.jpg,21
9_3928.jpg,9
24_4448.jpg,24
12_3950.jpg,12
2_3721.jpg,2
32_5162.jpg,32
22_4188.jpg,22
20_4361.jpg,20
26_3909.jpg,26
17_4939.jpg,17
36_3825.jpg,36
4_4633.jpg,4
31_5019.jpg,31
16_3782.jpg,35
11_4217.jpg,11
33_4820.jpg,33
5_4352.jpg,5
16_3948.jpg,16
30_5005.jpg,30
8_5129.jpg,8
10_4936.jpg,10
35_4717.jpg,35
0_3795.jpg,0
30_3682.jpg,30
27_4358.jpg,27
19_4884.jpg,19
10_3945.jpg,10
10_5146.jpg,10
25_4022.jpg,25
14_4223.jpg,14
17_4536.jpg,17
3_5020.jpg,3
17_5014.jpg,17
29_5048.jpg,29
7_4438.jpg,7
16_4638.jpg,16
23_3681.jpg,23
2_4805.jpg,8
32_4457.jpg,32
9_4896.jpg,27
24_4872.jpg,24
21_3848.jpg,21
16_4540.jpg,16
25_4486.jpg,25
8_4992.jpg,8
21_4535.jpg,21
9_4319.jpg,9
2_4480.jpg,2
20_4581.jpg,20
5_4012.jpg,5
5_4821.jpg,5
12_4824.jpg,12
33_3960.jpg,33
26_4053.jpg,26
14_3972.jpg,14
5_4427.jpg,5
33_4315.jpg,33
10_4027.jpg,10
20_3692.jpg,20
32_4863.jpg,32
4_4260.jpg,4
9_4671.jpg,9
0_3834.jpg,0
18_3824.jpg,18
27_4802.jpg,27
23_4655.jpg,23
18_3937.jpg,18
25_4411.jpg,25
36_5126.jpg,36
21_4237.jpg,21
23_4084.jpg,23
1_4462.jpg,1
15_4396.jpg,15
17_4244.jpg,17
36_3794.jpg,36
8_4636.jpg,8
26_4755.jpg,6
29_4647.jpg,29
24_4770.jpg,24
21_4389.jpg,21
10_3959.jpg,10
35_4649.jpg,35
0_4923.jpg,0
27_4214.jpg,27
7_4822.jpg,7
35_5007.jpg,35
33_4643.jpg,33
28_3942.jpg,28
11_3774.jpg,11
14_4404.jpg,14
11_3989.jpg,11
35_4905.jpg,35
18_4953.jpg,18
5_4054.jpg,5
17_4903.jpg,17
27_3858.jpg,27
27_3786.jpg,27
0_4679.jpg,5
9_4036.jpg,23
4_4662.jpg,4
27_5066.jpg,27
2_5050.jpg,2
19_4052.jpg,19
20_4534.jpg,20
31_4333.jpg,31
11_4208.jpg,11
20_3956.jpg,20
28_4766.jpg,28
1_4590.jpg,8
26_3717.jpg,26
20_4493.jpg,20
20_3732.jpg,20
2_4866.jpg,2
13_4630.jpg,13
36_4593.jpg,36
27_4616.jpg,27
7_4303.jpg,7
18_4500.jpg,18
18_3990.jpg,18
14_4995.jpg,14
7_3738.jpg,7
32_4428.jpg,32
35_4603.jpg,35
25_4131.jpg,25
26_5153.jpg,26
1_5038.jpg,1
13_5137.jpg,13
36_5145.jpg,36
9_3713.jpg,9
19_4245.jpg,19
29_5013.jpg,29
15_4748.jpg,15
23_4908.jpg,23
20_4660.jpg,20
16_4543.jpg,16
13_4264.jpg,13
32_3935.jpg,32
35_4393.jpg,35
13_4216.jpg,13
0_4895.jpg,0
4_5080.jpg,4
18_4738.jpg,18
36_4179.jpg,36
5_4807.jpg,5
18_4317.jpg,18
0_4308.jpg,0
2_4296.jpg,1
1_4663.jpg,8
24_4538.jpg,24
34_4189.jpg,34
22_4887.jpg,22
29_4100.jpg,29
7_4109.jpg,7
8_4857.jpg,8
16_4048.jpg,16
18_3952.jpg,18
32_4125.jpg,32
27_4984.jpg,27
28_4494.jpg,17
26_3869.jpg,26
23_5008.jpg,23
34_4596.jpg,34
17_3781.jpg,17
30_4843.jpg,30
8_4785.jpg,8
17_4550.jpg,17
19_4230.jpg,19
36_4559.jpg,36
28_4834.jpg,28
19_3832.jpg,19
14_5025.jpg,14
29_4501.jpg,29
7_4142.jpg,7
16_3896.jpg,16
32_4933.jpg,32
2_4298.jpg,34
18_3994.jpg,18
20_4874.jpg,26
17_4070.jpg,17
9_4353.jpg,9
2_4269.jpg,2
9_4482.jpg,9
23_3725.jpg,23
32_4402.jpg,32
29_4002.jpg,29
9_3871.jpg,9
18_4203.jpg,18
35_3887.jpg,35
15_3772.jpg,15
21_4743.jpg,21
20_4825.jpg,20
11_4551.jpg,11
29_3907.jpg,29
9_4527.jpg,7
16_3987.jpg,16
5_3954.jpg,5
18_4029.jpg,18
16_4959.jpg,16
12_4124.jpg,12
21_3991.jpg,21
6_3914.jpg,32
30_4563.jpg,30
27_4502.jpg,27
25_3932.jpg,25
6_4856.jpg,6
11_4844.jpg,11
18_4694.jpg,18
5_4443.jpg,5
11_3810.jpg,11
29_4718.jpg,29
29_4098.jpg,29
28_5046.jpg,28
31_4127.jpg,31
23_5165.jpg,23
4_4458.jpg,4
31_3706.jpg,31
2_5136.jpg,1
24_4088.jpg,24
17_3923.jpg,17
15_4814.jpg,15
16_5164.jpg,30
8_4420.jpg,8
18_4635.jpg,18
26_4497.jpg,26
23_4778.jpg,23
30_4742.jpg,30
2_4160.jpg,1
18_4529.jpg,18
16_4280.jpg,16
13_3879.jpg,13
36_4078.jpg,36
31_4622.jpg,31
9_4320.jpg,9
3_5074.jpg,3
8_4533.jpg,8
5_4689.jpg,20
21_4614.jpg,21
15_5070.jpg,15
23_4381.jpg,23
7_3944.jpg,7
16_4516.jpg,16
4_3680.jpg,4
28_4193.jpg,28
28_5119.jpg,28
4_4901.jpg,4
14_3827.jpg,14
31_4998.jpg,31
23_4784.jpg,23
14_4996.jpg,14
13_4753.jpg,13
14_4286.jpg,14
10_3976.jpg,10
10_5117.jpg,10
3_4447.jpg,3
22_4490.jpg,22
28_4555.jpg,28
22_3901.jpg,22
33_4180.jpg,33
27_4845.jpg,27
22_5024.jpg,22
30_5092.jpg,30
4_4461.jpg,4
25_4062.jpg,25
6_4990.jpg,6
20_4910.jpg,20
36_4190.jpg,36
15_3844.jpg,15
10_4760.jpg,10
30_4469.jpg,30
30_3798.jpg,30
14_5118.jpg,14
33_3754.jpg,33
27_4977.jpg,27
25_3770.jpg,25
17_4751.jpg,17
30_5043.jpg,30
9_3806.jpg,9
17_4572.jpg,17
21_4151.jpg,21
2_3929.jpg,2
30_5159.jpg,30
22_3785.jpg,22
33_4061.jpg,33
20_4348.jpg,20
6_4499.jpg,6
31_4463.jpg,31
18_3797.jpg,18
10_4074.jpg,10
5_4014.jpg,11
20_4680.jpg,20
5_4804.jpg,5
23_3740.jpg,23
26_5064.jpg,26
15_4392.jpg,15
33_4215.jpg,33
29_3837.jpg,29
21_4228.jpg,21
6_3697.jpg,6
26_4465.jpg,26
0_4492.jpg,0
13_4350.jpg,13
4_3702.jpg,4
3_5009.jpg,3
14_3743.jpg,14
14_3787.jpg,14
30_4512.jpg,30
7_4117.jpg,7
27_3855.jpg,27
22_3707.jpg,22
24_4045.jpg,24
4_4597.jpg,4
14_5060.jpg,14
35_4965.jpg,35
9_4356.jpg,9
35_4226.jpg,35
22_4809.jpg,22
26_4129.jpg,6
5_4585.jpg,5
23_4850.jpg,23
7_4560.jpg,7
21_3748.jpg,21
10_4324.jpg,10
28_4004.jpg,28
9_4579.jpg,9
27_3977.jpg,27
21_4967.jpg,21
15_4783.jpg,15
27_5021.jpg,27
35_3793.jpg,35
19_4394.jpg,19
0_4668.jpg,0
3_4122.jpg,3
18_4566.jpg,18
19_4064.jpg,19
34_4372.jpg,34
18_5059.jpg,18
12_3853.jpg,12
28_4651.jpg,28
5_4573.jpg,5
10_4762.jpg,10
36_4912.jpg,36
31_5179.jpg,31
31_4878.jpg,31
9_4000.jpg,9
18_5113.jpg,18
34_4665.jpg,34
33_5000.jpg,33
29_5111.jpg,29
1_3763.jpg,1
26_4056.jpg,26
0_4468.jpg,0
35_4985.jpg,35
6_4121.jpg,6
35_3906.jpg,35
14_4033.jpg,14
12_4757.jpg,12
1_3718.jpg,1
11_3779.jpg,11
12_3982.jpg,12
13_4793.jpg,13
23_3963.jpg,23
17_4904.jpg,17
16_5128.jpg,16
25_4068.jpg,25
4_3974.jpg,4
35_4265.jpg,35
32_4025.jpg,32
19_4340.jpg,19
0_4147.jpg,0
19_4963.jpg,19
14_4615.jpg,14
35_4921.jpg,35
22_4484.jpg,22
31_4811.jpg,31
4_5095.jpg,4
34_4710.jpg,34
36_4868.jpg,36
32_4075.jpg,32
2_3940.jpg,2
5_4544.jpg,5
18_3973.jpg,18
7_3720.jpg,7
18_3840.jpg,18
33_4881.jpg,33
29_3958.jpg,29
32_4391.jpg,32
4_4524.jpg,4
12_3978.jpg,12
21_4017.jpg,21
34_4253.jpg,34
10_4003.jpg,10
6_4201.jpg,6
10_4294.jpg,10
36_3768.jpg,36
3_4858.jpg,3
16_5094.jpg,16
9_4271.jpg,9
15_4299.jpg,15
24_5134.jpg,24
7_3936.jpg,7
23_4367.jpg,23
14_5147.jpg,14
20_4608.jpg,20
8_4123.jpg,8
34_4791.jpg,2
2_3999.jpg,34
10_4128.jpg,10
18_4788.jpg,18
32_4496.jpg,32
6_4082.jpg,32
34_4192.jpg,8
36_4754.jpg,36
5_4727.jpg,5
15_5093.jpg,15
2_4466.jpg,34
27_4956.jpg,27
20_4026.jpg,20
11_4035.jpg,5
15_3759.jpg,35
10_4713.jpg,21
29_4733.jpg,29
16_5101.jpg,16
19_4916.jpg,19
3_4140.jpg,3
5_4436.jpg,5
16_4721.jpg,16
13_4312.jpg,13
19_4255.jpg,19
1_4831.jpg,1
3_5044.jpg,3
23_4038.jpg,23
30_3975.jpg,30
0_4600.jpg,5
2_3865.jpg,2
23_5082.jpg,23
20_3736.jpg,20
34_4915.jpg,34
12_4836.jpg,12
26_3789.jpg,26
18_4879.jpg,18
13_4819.jpg,13
34_3943.jpg,34
13_3685.jpg,28
2_4030.jpg,2
33_3815.jpg,33
28_4539.jpg,28
28_4182.jpg,28
8_5011.jpg,8
3_3764.jpg,3
8_4221.jpg,8
9_3971.jpg,9
26_4452.jpg,26
6_4716.jpg,6
26_4632.jpg,26
19_4094.jpg,19
0_4072.jpg,0
22_4357.jpg,22
30_4562.jpg,30
3_4416.jpg,4
6_4261.jpg,6
32_3777.jpg,32
18_5002.jpg,18
4_4515.jpg,4
26_4966.jpg,26
4_4740.jpg,4
10_3750.jpg,10
34_4409.jpg,34
7_4589.jpg,7
26_4092.jpg,26
8_3843.jpg,8
19_3739.jpg,19
25_4373.jpg,25
36_4675.jpg,36
5_4307.jpg,5
17_4159.jpg,17
17_4282.jpg,17
3_4472.jpg,3
25_4163.jpg,25
11_4383.jpg,11
20_4176.jpg,20
25_3913.jpg,25
3_4156.jpg,3
31_4346.jpg,31
32_4686.jpg,32
14_4096.jpg,14
21_4290.jpg,21
30_3709.jpg,30
16_3701.jpg,36
35_4171.jpg,35
33_4073.jpg,33
2_4172.jpg,2
23_5106.jpg,23
34_4249.jpg,34
15_5156.jpg,15
17_4609.jpg,17
6_3852.jpg,6
21_3836.jpg,21
8_3968.jpg,8
16_4251.jpg,16
25_4378.jpg,25
19_4434.jpg,19
13_3983.jpg,13
36_3875.jpg,36
31_4838.jpg,31
20_3851.jpg,20
27_5161.jpg,27
8_4621.jpg,8
1_3861.jpg,1
8_4503.jpg,8
0_4928.jpg,0
27_4658.jpg,27
21_3710.jpg,21
25_3930.jpg,25
27_4530.jpg,27
27_5077.jpg,27
27_4220.jpg,27
32_4049.jpg,32
18_3727.jpg,18
19_4700.jpg,19
5_3981.jpg,5
21_4431.jpg,21
3_4945.jpg,3
14_5125.jpg,14
26_4943.jpg,26
24_5001.jpg,24
36_4254.jpg,36
21_4414.jpg,21
16_5081.jpg,16
12_4670.jpg,12
10_4693.jpg,10
7_3847.jpg,7
15_4200.jpg,15
16_5133.jpg,16
6_4154.jpg,6
36_4678.jpg,36
27_3919.jpg,27
8_4421.jpg,8
19_4522.jpg,19
2_4232.jpg,2
16_3856.jpg,16
17_4309.jpg,17
21_3857.jpg,21
11_3961.jpg,11
28_5174.jpg,28
28_4211.jpg,28
16_4108.jpg,16
34_5148.jpg,34
1_3816.jpg,1
23_3979.jpg,23
32_4011.jpg,32
15_3893.jpg,15
14_4696.jpg,14
