image_id,label
37_491.png,19
30_483.png,30
4_495.png,24
38_464.png,38
16_481.png,16
22_459.png,22
23_489.png,23
36_471.png,16
35_472.png,43
32_495.png,32
45_462.png,45
23_454.png,23
36_482.png,36
31_488.png,31
36_466.png,36
18_477.png,18
20_495.png,20
4_466.png,4
43_468.png,43
41_460.png,43
45_493.png,45
41_490.png,41
36_490.png,36
12_458.png,12
5_455.png,5
37_473.png,37
26_471.png,26
12_483.png,12
30_455.png,30
21_466.png,21
17_497.png,17
35_485.png,35
35_486.png,35
35_459.png,41
31_492.png,31
0_451.png,0
4_478.png,4
17_483.png,17
33_466.png,33
21_459.png,21
1_483.png,1
27_484.png,27
28_478.png,28
9_494.png,9
8_457.png,11
34_456.png,34
49_463.png,49
29_466.png,29
10_477.png,10
46_485.png,32
45_476.png,45
40_451.png,40
16_463.png,16
3_461.png,3
46_468.png,21
17_461.png,3
41_464.png,41
0_455.png,0
16_451.png,16
40_452.png,40
36_458.png,36
15_490.png,15
40_463.png,40
41_499.png,41
23_455.png,23
27_459.png,27
11_457.png,11
0_468.png,0
37_478.png,37
34_497.png,34
20_487.png,20
39_479.png,39
10_453.png,10
48_481.png,48
32_458.png,32
6_452.png,18
30_479.png,30
18_459.png,18
25_476.png,25
36_489.png,36
21_461.png,21
28_483.png,28
16_476.png,16
31_489.png,31
10_464.png,10
0_486.png,0
23_490.png,18
13_494.png,13
28_497.png,28
40_450.png,9
47_480.png,47
35_457.png,35
3_483.png,3
28_486.png,28
6_466.png,6
17_468.png,17
43_478.png,43
10_450.png,10
33_458.png,33
13_491.png,13
23_456.png,23
46_487.png,46
16_472.png,16
45_483.png,45
32_476.png,32
40_487.png,2
36_457.png,36
43_472.png,43
5_497.png,5
42_481.png,42
34_487.png,34
27_494.png,27
43_453.png,27
18_481.png,18
31_495.png,31
14_471.png,14
47_485.png,47
0_482.png,0
22_493.png,22
32_473.png,32
21_471.png,21
2_474.png,2
49_486.png,49
24_461.png,24
18_490.png,18
45_466.png,45
24_463.png,32
49_487.png,49
3_477.png,3
36_468.png,36
40_498.png,31
46_493.png,46
42_484.png,42
20_471.png,20
21_476.png,21
24_475.png,24
13_451.png,13
41_471.png,17
6_494.png,6
42_477.png,42
12_453.png,12
33_460.png,33
9_458.png,9
17_481.png,17
37_466.png,37
15_461.png,8
28_452.png,28
46_460.png,46
17_460.png,17
19_484.png,19
31_464.png,31
25_467.png,25
13_463.png,6
24_457.png,38
2_498.png,2
27_465.png,27
18_483.png,18
15_488.png,15
16_485.png,16
33_462.png,47
0_461.png,0
39_481.png,39
15_492.png,15
26_462.png,26
0_484.png,0
41_456.png,35
25_497.png,25
14_470.png,14
35_468.png,35
35_461.png,40
5_457.png,5
18_485.png,18
18_474.png,23
39_492.png,39
43_483.png,43
8_481.png,8
20_452.png,20
24_477.png,24
2_453.png,2
22_450.png,22
6_492.png,6
32_478.png,46
21_475.png,21
19_465.png,19
22_478.png,22
20_479.png,33
18_491.png,18
25_486.png,33
3_465.png,3
1_459.png,1
26_477.png,26
27_462.png,27
16_487.png,16
45_494.png,45
41_481.png,29
27_457.png,27
48_479.png,47
28_489.png,28
39_465.png,39
20_484.png,20
7_468.png,7
47_491.png,44
16_499.png,47
20_477.png,20
14_489.png,14
7_457.png,7
39_455.png,39
38_467.png,38
40_480.png,1
35_451.png,10
45_455.png,45
3_467.png,3
4_498.png,4
10_482.png,10
2_462.png,2
9_460.png,9
39_459.png,39
33_477.png,33
37_474.png,37
35_484.png,41
33_497.png,48
31_454.png,31
6_453.png,38
19_466.png,19
20_465.png,20
20_450.png,20
28_491.png,28
16_465.png,16
21_499.png,21
30_475.png,30
39_456.png,39
3_453.png,3
10_496.png,10
8_497.png,8
30_450.png,30
20_459.png,27
31_490.png,31
25_495.png,25
44_480.png,44
18_470.png,18
42_459.png,42
30_499.png,30
41_466.png,41
27_472.png,27
24_484.png,24
12_487.png,12
28_493.png,28
5_469.png,5
17_450.png,17
35_495.png,41
14_462.png,14
42_499.png,42
34_484.png,34
25_499.png,25
0_463.png,0
20_458.png,20
3_480.png,3
47_478.png,47
33_464.png,33
40_468.png,40
29_468.png,29
25_494.png,25
8_467.png,8
37_469.png,37
12_454.png,12
30_491.png,30
14_459.png,5
28_453.png,28
49_482.png,49
21_474.png,21
35_455.png,35
17_479.png,17
3_486.png,3
30_488.png,30
4_470.png,4
3_488.png,3
14_461.png,14
13_467.png,18
47_455.png,47
16_459.png,16
31_452.png,4
47_451.png,47
12_488.png,12
41_459.png,41
40_465.png,40
24_491.png,24
31_469.png,31
20_455.png,20
18_498.png,18
25_475.png,25
14_484.png,14
47_490.png,47
20_463.png,20
27_470.png,27
29_470.png,29
6_459.png,6
49_471.png,49
34_469.png,34
38_455.png,38
11_462.png,11
49_494.png,49
14_476.png,14
12_465.png,12
49_492.png,49
49_478.png,49
2_495.png,2
9_476.png,9
12_492.png,12
35_465.png,41
47_477.png,47
6_457.png,6
9_474.png,9
38_489.png,38
12_467.png,12
40_499.png,40
24_468.png,24
22_453.png,22
36_452.png,36
45_457.png,45
47_474.png,47
38_491.png,38
40_481.png,40
7_456.png,7
3_476.png,3
32_482.png,32
11_463.png,11
17_491.png,17
19_450.png,19
35_479.png,35
13_462.png,13
3_497.png,3
44_459.png,44
31_496.png,40
5_460.png,5
21_481.png,21
12_476.png,12
6_468.png,6
44_454.png,44
10_469.png,35
23_474.png,23
47_469.png,6
41_495.png,29
46_477.png,46
10_483.png,10
40_497.png,40
43_464.png,43
33_492.png,33
24_488.png,39
10_484.png,41
44_483.png,44
28_467.png,28
35_473.png,35
32_474.png,32
16_494.png,16
1_465.png,1
24_474.png,24
2_487.png,29
19_460.png,19
33_457.png,33
45_486.png,45
32_486.png,32
14_496.png,14
33_472.png,33
6_463.png,6
7_496.png,7
20_482.png,20
27_485.png,27
41_451.png,29
27_487.png,27
9_455.png,9
15_484.png,15
47_456.png,47
28_466.png,28
13_474.png,13
32_454.png,32
34_460.png,34
23_485.png,23
6_454.png,30
21_468.png,21
39_485.png,39
19_469.png,19
42_483.png,42
48_489.png,48
1_496.png,1
3_490.png,3
1_479.png,1
39_466.png,39
8_487.png,8
44_473.png,44
39_454.png,39
19_480.png,19
0_452.png,0
3_458.png,3
43_469.png,43
47_466.png,47
25_456.png,25
21_489.png,21
29_456.png,41
44_450.png,44
12_450.png,12
38_492.png,38
9_475.png,9
16_462.png,16
42_488.png,42
25_468.png,25
27_460.png,27
9_484.png,9
37_496.png,37
14_478.png,14
33_491.png,33
25_484.png,25
4_469.png,4
17_499.png,17
14_473.png,14
27_476.png,27
31_467.png,31
36_487.png,36
18_465.png,18
47_498.png,48
17_476.png,17
45_475.png,45
28_496.png,28
24_467.png,24
10_465.png,41
18_468.png,18
25_469.png,25
0_472.png,0
27_489.png,27
22_480.png,22
27_461.png,27
42_476.png,42
40_458.png,9
45_482.png,45
45_454.png,45
20_493.png,20
36_463.png,36
29_497.png,41
29_494.png,29
4_454.png,4
45_460.png,45
27_499.png,20
43_462.png,43
16_496.png,16
11_492.png,11
34_496.png,34
40_482.png,40
2_473.png,2
13_450.png,13
31_466.png,31
2_472.png,2
30_464.png,30
43_488.png,43
24_493.png,6
10_495.png,10
38_450.png,38
44_485.png,6
46_471.png,46
48_480.png,48
34_493.png,34
6_467.png,6
8_474.png,8
42_454.png,42
25_450.png,25
37_498.png,37
23_491.png,23
25_451.png,25
4_456.png,4
24_462.png,24
32_481.png,32
39_480.png,39
41_484.png,41
30_469.png,30
3_471.png,3
42_452.png,42
21_460.png,21
48_494.png,48
3_464.png,3
16_455.png,16
3_459.png,3
24_485.png,24
3_475.png,3
7_459.png,7
48_484.png,48
43_457.png,43
28_499.png,28
19_497.png,19
29_473.png,41
22_497.png,22
38_488.png,11
11_494.png,47
27_483.png,27
17_470.png,17
2_481.png,2
39_467.png,39
7_453.png,7
40_470.png,40
28_476.png,28
20_483.png,20
24_459.png,24
33_485.png,33
34_489.png,34
46_456.png,46
36_473.png,36
49_472.png,49
8_483.png,8
31_486.png,31
41_496.png,29
31_451.png,42
25_487.png,25
22_470.png,7
6_474.png,6
1_452.png,1
29_495.png,29
1_476.png,1
4_489.png,4
45_481.png,45
41_493.png,35
49_483.png,49
15_495.png,15
32_455.png,46
41_469.png,35
46_462.png,46
39_499.png,23
26_460.png,26
5_494.png,5
14_481.png,14
36_495.png,36
12_477.png,12
49_456.png,49
21_465.png,21
42_460.png,42
0_462.png,0
10_498.png,10
38_469.png,38
32_462.png,32
2_455.png,2
40_475.png,40
6_483.png,6
25_480.png,25
28_480.png,28
5_481.png,5
25_454.png,25
35_456.png,10
32_470.png,32
33_453.png,33
42_450.png,42
25_452.png,25
22_487.png,22
11_476.png,11
17_485.png,17
32_459.png,32
46_482.png,46
46_472.png,46
32_453.png,32
48_483.png,48
32_460.png,32
39_451.png,39
48_487.png,33
17_488.png,17
24_497.png,24
14_455.png,14
38_457.png,38
19_452.png,19
37_497.png,37
37_479.png,37
25_489.png,25
10_470.png,10
3_496.png,3
12_451.png,12
44_498.png,44
28_463.png,28
3_460.png,3
9_499.png,9
44_492.png,44
40_456.png,40
37_492.png,37
33_499.png,33
1_473.png,1
47_489.png,47
9_450.png,9
49_464.png,49
46_481.png,46
14_450.png,14
35_482.png,10
9_485.png,9
20_481.png,20
6_493.png,6
5_477.png,5
25_492.png,25
34_450.png,34
37_482.png,37
23_450.png,23
49_467.png,49
17_473.png,17
1_457.png,1
42_470.png,42
37_476.png,37
20_491.png,20
35_469.png,35
26_494.png,26
46_455.png,46
28_464.png,28
26_481.png,26
4_463.png,4
19_499.png,19
24_452.png,24
45_472.png,45
9_495.png,9
16_483.png,16
25_463.png,25
28_462.png,28
22_494.png,8
8_454.png,33
22_452.png,22
15_454.png,15
31_480.png,31
12_490.png,12
29_465.png,29
27_454.png,27
46_461.png,46
27_458.png,27
31_453.png,31
35_494.png,41
12_489.png,12
2_479.png,2
5_470.png,5
27_497.png,27
28_477.png,28
45_490.png,45
23_496.png,17
47_462.png,47
27_471.png,27
13_452.png,13
26_484.png,26
28_450.png,47
23_486.png,23
23_464.png,6
0_471.png,0
27_475.png,27
3_484.png,3
22_484.png,22
5_493.png,5
28_455.png,28
23_488.png,23
31_471.png,31
20_490.png,20
19_491.png,19
7_451.png,7
15_472.png,15
32_485.png,9
47_482.png,47
43_499.png,43
16_464.png,16
24_465.png,46
46_459.png,46
37_457.png,37
22_451.png,3
27_488.png,20
42_491.png,42
12_455.png,12
5_468.png,5
2_471.png,2
32_498.png,32
23_457.png,23
49_476.png,49
16_450.png,16
41_494.png,41
10_499.png,10
28_475.png,28
5_483.png,5
11_470.png,11
38_465.png,38
37_472.png,37
11_488.png,11
12_466.png,12
45_473.png,45
41_475.png,41
2_452.png,2
20_488.png,20
43_493.png,43
45_468.png,45
20_498.png,20
23_467.png,6
39_463.png,18
27_456.png,23
27_492.png,27
40_471.png,40
48_456.png,48
26_467.png,26
38_478.png,38
5_452.png,5
32_480.png,32
8_484.png,8
9_492.png,9
34_468.png,34
26_482.png,26
41_486.png,10
48_459.png,33
7_490.png,7
23_493.png,23
2_492.png,2
19_455.png,19
18_488.png,18
49_451.png,49
0_489.png,0
30_487.png,8
20_460.png,20
31_470.png,31
22_488.png,22
38_497.png,38
4_461.png,4
44_499.png,44
6_481.png,6
34_490.png,34
28_492.png,28
33_475.png,33
36_456.png,13
26_498.png,26
1_466.png,1
23_463.png,23
32_468.png,32
4_459.png,4
40_491.png,9
30_493.png,30
6_495.png,23
16_457.png,16
22_456.png,22
6_497.png,6
35_481.png,35
8_460.png,8
47_483.png,47
10_497.png,6
5_451.png,5
1_478.png,1
1_495.png,1
39_452.png,39
9_466.png,40
17_480.png,17
34_466.png,34
14_475.png,14
20_468.png,20
25_498.png,25
8_475.png,8
46_474.png,46
20_470.png,20
7_494.png,7
28_459.png,28
32_477.png,32
17_493.png,17
16_466.png,16
16_495.png,16
42_468.png,42
35_483.png,35
37_452.png,37
38_461.png,38
30_472.png,6
7_491.png,7
45_471.png,2
15_491.png,8
26_468.png,43
1_455.png,1
48_482.png,48
43_491.png,43
18_456.png,18
31_450.png,31
19_454.png,19
17_475.png,15
28_457.png,28
8_456.png,8
31_457.png,21
16_470.png,16
17_455.png,17
25_493.png,17
15_463.png,15
23_466.png,39
39_464.png,39
42_486.png,42
39_490.png,39
44_457.png,44
38_472.png,38
26_486.png,26
49_496.png,49
6_487.png,6
10_467.png,10
19_463.png,19
48_490.png,48
46_470.png,3
8_466.png,8
10_481.png,10
42_489.png,5
8_478.png,8
15_459.png,15
21_472.png,21
4_490.png,4
35_474.png,41
3_493.png,17
24_469.png,6
37_488.png,37
8_492.png,8
7_480.png,7
30_489.png,30
36_477.png,36
26_453.png,26
5_458.png,5
0_497.png,0
8_459.png,8
22_495.png,22
17_466.png,17
48_465.png,48
15_499.png,15
42_451.png,42
13_472.png,13
48_488.png,48
33_480.png,33
21_458.png,21
33_486.png,33
40_483.png,2
39_468.png,39
41_476.png,29
8_452.png,8
16_454.png,3
18_476.png,18
17_482.png,17
38_459.png,38
46_478.png,32
14_469.png,14
30_468.png,30
7_465.png,7
23_473.png,23
43_474.png,43
12_471.png,12
44_479.png,44
8_450.png,8
48_469.png,48
0_499.png,0
45_450.png,45
30_482.png,6
0_477.png,0
41_453.png,29
20_462.png,20
18_458.png,18
47_470.png,47
41_483.png,41
40_495.png,40
28_473.png,28
48_458.png,48
35_478.png,41
15_475.png,15
34_461.png,34
2_451.png,2
44_451.png,44
33_459.png,36
29_454.png,29
48_463.png,48
18_469.png,18
20_475.png,43
27_477.png,27
31_475.png,31
46_454.png,46
4_450.png,4
38_466.png,38
23_498.png,23
29_463.png,29
25_457.png,25
13_495.png,13
14_472.png,14
47_473.png,47
23_478.png,18
35_487.png,35
48_485.png,48
11_473.png,11
9_459.png,9
20_464.png,20
24_453.png,38
11_490.png,11
36_481.png,36
36_498.png,19
12_494.png,12
0_458.png,0
15_474.png,48
35_496.png,35
28_490.png,28
27_498.png,27
37_468.png,14
2_491.png,2
22_475.png,22
5_459.png,5
17_456.png,7
43_486.png,43
12_469.png,12
27_464.png,27
46_475.png,46
36_484.png,36
47_459.png,47
3_474.png,3
8_485.png,27
10_452.png,10
0_470.png,0
22_486.png,48
48_477.png,48
32_450.png,32
0_466.png,0
12_478.png,12
14_483.png,14
15_482.png,39
17_458.png,17
32_499.png,46
36_488.png,36
5_488.png,5
3_455.png,3
37_451.png,26
39_497.png,18
32_488.png,32
31_483.png,31
14_463.png,14
12_463.png,34
22_492.png,22
45_470.png,45
39_476.png,39
49_484.png,49
32_491.png,32
27_496.png,27
13_457.png,18
17_494.png,17
49_490.png,49
42_496.png,42
8_471.png,8
6_499.png,6
26_479.png,26
26_455.png,26
21_469.png,21
31_478.png,31
36_485.png,2
15_471.png,15
2_457.png,2
42_473.png,26
27_452.png,27
1_477.png,1
11_483.png,7
45_478.png,45
30_476.png,30
18_489.png,18
0_485.png,0
2_480.png,2
9_478.png,9
44_465.png,44
16_497.png,16
11_499.png,11
13_465.png,18
8_479.png,47
8_489.png,8
5_462.png,5
10_455.png,10
40_494.png,40
6_498.png,6
47_497.png,48
39_474.png,39
41_458.png,29
44_476.png,44
24_471.png,24
42_493.png,42
40_454.png,9
49_485.png,2
29_478.png,29
44_486.png,44
47_472.png,47
44_453.png,11
9_496.png,9
26_475.png,26
11_497.png,11
14_485.png,14
27_468.png,20
26_459.png,26
45_451.png,45
20_454.png,20
36_465.png,36
8_473.png,8
11_478.png,11
39_462.png,39
49_491.png,49
5_491.png,5
46_465.png,46
0_495.png,0
5_450.png,5
13_468.png,13
5_496.png,5
36_480.png,36
23_494.png,23
11_477.png,11
37_463.png,37
27_473.png,27
23_481.png,6
20_497.png,20
32_489.png,32
41_461.png,29
29_474.png,35
39_484.png,39
6_461.png,6
17_490.png,17
46_494.png,46
19_495.png,19
16_492.png,16
30_477.png,8
15_455.png,28
13_459.png,13
45_463.png,45
7_489.png,7
39_457.png,39
7_478.png,7
4_451.png,4
32_466.png,32
25_490.png,25
8_498.png,8
42_478.png,42
18_478.png,18
8_480.png,8
38_493.png,23
40_493.png,40
10_478.png,10
30_495.png,30
14_498.png,14
41_457.png,41
10_458.png,10
15_481.png,15
23_499.png,18
35_477.png,41
26_470.png,26
7_477.png,7
1_462.png,1
18_457.png,18
7_466.png,45
21_478.png,21
46_495.png,46
7_455.png,7
2_470.png,2
49_457.png,49
41_498.png,29
34_488.png,34
18_466.png,18
43_450.png,43
0_494.png,0
21_486.png,21
18_496.png,18
11_489.png,11
38_487.png,38
34_471.png,34
47_453.png,47
29_472.png,29
23_469.png,23
44_478.png,44
11_496.png,11
21_480.png,21
10_486.png,10
36_475.png,36
37_471.png,37
19_459.png,19
42_485.png,30
40_477.png,40
27_481.png,27
48_499.png,48
37_475.png,37
7_462.png,7
32_461.png,32
12_484.png,12
46_453.png,24
44_455.png,44
23_479.png,23
12_496.png,12
1_469.png,1
0_487.png,0
19_468.png,19
29_471.png,29
13_499.png,13
34_452.png,34
4_473.png,4
30_463.png,30
9_464.png,9
22_454.png,22
4_488.png,4
18_487.png,18
25_479.png,25
15_473.png,15
3_473.png,3
11_465.png,11
29_491.png,29
34_477.png,34
9_473.png,9
23_475.png,23
0_467.png,0
17_469.png,17
47_492.png,47
4_457.png,4
30_454.png,30
29_485.png,29
2_496.png,2
31_476.png,31
6_496.png,6
23_451.png,23
49_474.png,49
31_497.png,31
29_450.png,29
25_465.png,25
43_476.png,43
15_466.png,15
17_489.png,17
1_488.png,1
12_485.png,12
42_495.png,42
39_475.png,39
36_499.png,36
36_462.png,36
36_453.png,36
33_450.png,33
13_455.png,13
31_498.png,31
7_479.png,7
44_488.png,44
42_456.png,42
44_493.png,44
17_495.png,17
25_462.png,25
36_451.png,36
2_476.png,2
33_451.png,36
37_465.png,37
45_496.png,45
31_494.png,31
9_453.png,9
42_464.png,42
47_465.png,47
21_479.png,21
4_484.png,4
41_462.png,10
48_461.png,8
39_487.png,39
31_477.png,31
16_488.png,16
5_453.png,5
30_480.png,30
31_461.png,31
10_479.png,10
44_475.png,6
26_490.png,26
20_457.png,20
11_491.png,11
19_467.png,19
8_496.png,8
18_482.png,18
21_456.png,21
6_455.png,6
14_467.png,14
44_491.png,44
7_481.png,7
35_499.png,35
6_490.png,6
25_472.png,25
43_489.png,43
12_468.png,12
6_479.png,6
14_482.png,14
44_487.png,44
34_475.png,34
32_496.png,32
27_451.png,27
14_492.png,14
36_478.png,36
43_465.png,36
40_469.png,40
42_497.png,42
43_498.png,43
10_463.png,35
36_474.png,36
13_478.png,13
15_465.png,11
27_479.png,27
13_496.png,13
16_491.png,16
15_469.png,17
41_467.png,41
33_467.png,33
15_450.png,15
21_498.png,21
30_451.png,30
4_452.png,4
26_485.png,26
2_475.png,2
33_461.png,33
4_462.png,4
24_458.png,24
31_487.png,31
44_456.png,44
3_452.png,3
16_471.png,16
40_486.png,9
11_493.png,11
47_484.png,47
0_480.png,0
31_474.png,31
6_465.png,6
28_487.png,28
18_479.png,18
48_472.png,48
49_450.png,11
39_482.png,39
1_464.png,1
49_466.png,37
11_450.png,11
1_460.png,1
9_488.png,9
9_480.png,9
48_457.png,48
27_480.png,27
17_457.png,17
47_486.png,47
46_458.png,46
32_464.png,32
7_488.png,7
30_461.png,30
34_467.png,34
35_466.png,35
7_461.png,7
42_458.png,42
5_472.png,5
12_491.png,12
10_460.png,10
44_458.png,44
16_490.png,16
1_499.png,1
44_472.png,47
5_464.png,5
14_490.png,14
17_453.png,17
20_469.png,20
13_461.png,13
21_467.png,21
45_477.png,45
13_477.png,13
19_489.png,19
38_458.png,38
35_452.png,35
12_499.png,12
36_450.png,36
40_464.png,40
26_465.png,26
18_475.png,18
1_497.png,1
12_497.png,38
24_479.png,39
16_489.png,16
21_452.png,21
41_492.png,41
9_465.png,9
8_461.png,8
9_457.png,9
48_460.png,48
20_451.png,20
27_469.png,27
26_492.png,26
40_473.png,40
47_461.png,47
28_460.png,28
28_479.png,28
2_454.png,2
15_479.png,15
13_473.png,13
34_483.png,34
28_484.png,28
32_467.png,32
20_496.png,20
24_489.png,24
33_465.png,33
47_464.png,47
41_452.png,41
16_468.png,16
40_467.png,1
19_479.png,19
47_467.png,47
4_485.png,14
19_458.png,19
35_476.png,35
43_461.png,20
5_478.png,5
49_489.png,27
44_477.png,44
23_497.png,23
6_458.png,6
24_455.png,38
29_489.png,29
16_461.png,16
21_491.png,21
39_494.png,39
23_476.png,18
49_495.png,49
34_474.png,34
10_459.png,10
8_476.png,8
11_486.png,11
38_498.png,38
31_479.png,31
30_498.png,30
24_456.png,34
19_483.png,19
33_474.png,8
22_465.png,22
38_494.png,38
4_458.png,4
4_467.png,4
26_489.png,26
14_494.png,14
29_476.png,29
14_474.png,14
30_490.png,30
26_473.png,37
0_498.png,0
28_470.png,28
14_465.png,14
25_470.png,25
3_468.png,3
40_461.png,40
37_480.png,37
19_496.png,19
4_460.png,4
23_460.png,23
23_459.png,23
4_487.png,3
39_460.png,39
42_492.png,42
41_468.png,41
22_457.png,2
15_468.png,8
21_487.png,21
45_467.png,45
1_485.png,9
28_465.png,28
26_474.png,26
10_457.png,10
41_487.png,49
14_458.png,14
26_463.png,26
0_464.png,0
18_497.png,18
49_477.png,49
4_471.png,46
26_454.png,26
30_494.png,30
23_472.png,18
34_498.png,34
16_474.png,16
22_466.png,22
37_458.png,37
0_490.png,0
2_494.png,2
2_486.png,2
26_456.png,49
5_463.png,5
1_494.png,1
0_453.png,0
22_468.png,22
34_470.png,34
28_468.png,28
42_467.png,42
17_492.png,2
16_486.png,16
7_498.png,7
8_486.png,48
26_483.png,26
1_463.png,1
18_451.png,18
33_482.png,33
0_459.png,0
38_451.png,38
3_470.png,8
16_479.png,16
13_458.png,13
22_463.png,22
12_452.png,12
47_496.png,47
0_450.png,0
5_489.png,5
2_464.png,2
24_495.png,24
18_492.png,18
10_490.png,10
34_457.png,34
26_476.png,26
34_462.png,34
21_451.png,21
26_457.png,26
44_482.png,44
23_458.png,23
16_478.png,16
23_468.png,18
9_470.png,9
32_497.png,32
29_475.png,29
24_473.png,32
34_499.png,34
24_478.png,24
14_454.png,14
37_485.png,14
18_486.png,39
31_455.png,31
0_469.png,0
49_455.png,49
34_453.png,34
10_491.png,10
4_494.png,4
42_455.png,42
32_484.png,32
29_477.png,29
23_492.png,23
49_488.png,49
33_454.png,33
7_454.png,7
8_453.png,8
44_489.png,44
48_478.png,22
40_457.png,40
45_487.png,45
12_474.png,12
15_480.png,15
10_473.png,10
21_482.png,21
27_490.png,20
45_495.png,45
14_452.png,14
11_464.png,11
34_481.png,34
43_452.png,43
10_468.png,10
34_465.png,34
25_471.png,25
13_488.png,13
16_484.png,16
38_495.png,38
43_470.png,43
19_482.png,19
31_468.png,31
0_456.png,0
43_492.png,43
45_464.png,45
29_479.png,10
23_495.png,13
11_498.png,11
47_450.png,47
33_490.png,33
12_460.png,12
7_486.png,48
47_494.png,47
12_498.png,12
18_484.png,18
2_461.png,2
1_470.png,40
13_498.png,13
25_459.png,25
25_464.png,25
19_477.png,47
23_465.png,23
15_485.png,15
33_476.png,33
2_450.png,2
19_481.png,19
36_461.png,36
38_460.png,38
7_450.png,7
8_477.png,8
6_482.png,6
19_492.png,19
40_466.png,40
29_492.png,29
34_478.png,34
42_498.png,42
5_484.png,5
23_453.png,23
48_474.png,48
41_465.png,41
42_479.png,42
47_488.png,47
32_456.png,32
40_489.png,40
48_493.png,48
14_497.png,14
5_487.png,5
45_492.png,45
46_451.png,46
46_484.png,46
11_485.png,11
18_462.png,18
26_487.png,26
31_491.png,31
6_456.png,6
37_459.png,37
43_490.png,43
28_485.png,28
18_464.png,18
0_483.png,0
31_458.png,31
20_489.png,20
46_450.png,46
38_482.png,38
0_475.png,0
27_482.png,27
2_469.png,2
37_453.png,37
25_477.png,25
49_493.png,49
35_498.png,41
32_451.png,32
39_486.png,39
6_460.png,38
10_462.png,10
1_458.png,1
9_483.png,9
10_488.png,10
29_457.png,29
40_496.png,40
37_464.png,37
42_466.png,42
1_480.png,21
24_486.png,24
27_450.png,3
27_493.png,27
18_455.png,18
42_461.png,42
47_463.png,47
33_478.png,7
29_484.png,29
26_488.png,26
34_492.png,34
27_453.png,27
35_489.png,35
42_494.png,42
25_460.png,25
6_450.png,39
13_469.png,18
7_470.png,3
24_499.png,24
41_463.png,41
49_470.png,49
2_456.png,2
16_453.png,16
31_473.png,31
25_474.png,25
15_458.png,15
13_470.png,13
49_479.png,49
33_488.png,33
35_460.png,35
26_472.png,26
36_476.png,11
31_460.png,31
14_453.png,14
36_496.png,11
33_469.png,33
44_497.png,44
49_475.png,49
38_481.png,38
27_478.png,36
29_496.png,29
44_462.png,44
35_480.png,35
30_467.png,30
30_474.png,30
43_496.png,43
44_461.png,44
7_476.png,7
31_456.png,31
24_464.png,24
33_473.png,33
9_482.png,9
38_483.png,12
45_474.png,45
14_493.png,14
15_494.png,15
15_470.png,15
9_469.png,9
18_471.png,18
2_490.png,2
32_471.png,32
25_481.png,25
22_489.png,22
3_469.png,3
12_461.png,12
3_450.png,3
2_468.png,2
11_467.png,11
9_472.png,9
19_451.png,19
19_475.png,19
17_496.png,17
17_465.png,17
12_457.png,12
6_489.png,30
20_474.png,20
7_452.png,7
15_464.png,15
34_476.png,34
7_460.png,7
16_467.png,16
37_477.png,37
21_463.png,21
17_487.png,17
42_474.png,42
21_485.png,21
13_487.png,11
39_496.png,39
7_493.png,7
4_476.png,4
34_486.png,34
7_464.png,25
32_457.png,32
25_496.png,25
15_457.png,15
9_487.png,9
18_494.png,18
9_486.png,9
10_494.png,10
18_495.png,18
26_461.png,26
22_481.png,22
29_482.png,41
35_470.png,35
3_487.png,3
19_471.png,43
2_478.png,2
0_481.png,0
18_467.png,18
29_481.png,29
42_453.png,42
32_452.png,32
10_471.png,10
48_466.png,47
21_495.png,21
24_472.png,24
30_484.png,30
32_463.png,32
2_499.png,2
7_485.png,7
5_471.png,5
47_476.png,22
36_464.png,36
39_470.png,39
4_481.png,4
9_463.png,9
3_491.png,3
38_496.png,38
36_460.png,36
27_467.png,27
19_470.png,19
1_451.png,1
34_458.png,34
1_498.png,1
6_462.png,13
39_477.png,39
14_456.png,14
29_483.png,29
11_471.png,11
48_496.png,48
38_477.png,38
5_473.png,5
16_477.png,16
15_462.png,15
37_481.png,27
15_478.png,15
49_452.png,49
9_489.png,9
14_488.png,14
49_465.png,49
44_496.png,44
21_484.png,21
12_472.png,12
47_460.png,3
36_472.png,8
30_465.png,30
10_474.png,10
42_457.png,42
38_456.png,38
33_463.png,33
45_456.png,45
30_453.png,30
9_467.png,9
1_482.png,1
21_492.png,21
41_455.png,35
9_477.png,9
13_471.png,13
37_483.png,37
4_477.png,4
38_476.png,38
34_482.png,1
3_494.png,3
8_470.png,8
31_499.png,31
28_495.png,28
34_464.png,34
24_498.png,24
22_473.png,22
31_484.png,12
2_484.png,2
21_490.png,21
16_493.png,16
44_467.png,44
22_472.png,22
8_488.png,8
28_494.png,28
11_452.png,11
36_470.png,19
40_478.png,40
5_492.png,5
23_477.png,18
45_453.png,45
21_464.png,21
12_486.png,34
46_467.png,46
1_493.png,1
3_479.png,3
12_462.png,12
4_499.png,4
42_480.png,42
2_459.png,2
49_458.png,49
8_472.png,8
35_491.png,35
12_475.png,12
24_454.png,38
31_482.png,31
29_452.png,29
3_457.png,17
17_472.png,44
30_456.png,30
0_473.png,0
7_499.png,7
43_497.png,43
45_452.png,45
29_490.png,29
1_475.png,1
23_482.png,23
29_459.png,35
19_493.png,19
4_455.png,4
48_497.png,48
29_464.png,29
44_495.png,44
6_469.png,30
3_498.png,3
10_487.png,10
2_488.png,2
42_462.png,42
43_471.png,43
47_481.png,48
45_497.png,45
41_473.png,35
45_489.png,45
1_489.png,1
36_467.png,36
28_474.png,28
8_451.png,8
43_458.png,43
47_495.png,47
20_499.png,20
14_451.png,14
25_466.png,25
0_496.png,0
35_475.png,10
14_466.png,14
31_472.png,31
43_494.png,43
20_461.png,20
37_470.png,37
14_491.png,14
47_457.png,17
30_458.png,30
19_474.png,19
49_480.png,49
20_473.png,20
6_480.png,6
3_456.png,3
27_486.png,27
15_487.png,15
20_492.png,20
32_493.png,46
10_480.png,35
25_491.png,45
25_458.png,25
21_470.png,21
43_463.png,43
2_497.png,2
30_485.png,44
17_459.png,17
22_490.png,33
35_453.png,35
12_464.png,12
0_491.png,0
33_481.png,33
16_460.png,29
30_466.png,30
23_462.png,18
36_455.png,36
19_453.png,19
6_488.png,6
21_462.png,21
38_471.png,38
2_466.png,2
49_473.png,49
0_457.png,0
20_480.png,27
9_471.png,9
48_451.png,48
33_496.png,33
12_459.png,12
10_475.png,3
47_493.png,47
39_458.png,39
4_479.png,4
3_463.png,25
48_467.png,33
39_461.png,39
45_491.png,45
34_485.png,34
18_461.png,18
2_482.png,2
8_464.png,8
34_459.png,34
48_476.png,48
34_463.png,34
22_476.png,22
25_453.png,25
18_480.png,18
43_481.png,43
13_493.png,18
43_455.png,43
15_452.png,15
14_487.png,14
11_487.png,11
46_464.png,46
29_487.png,29
46_491.png,46
38_462.png,38
37_454.png,37
22_462.png,22
1_471.png,1
32_492.png,32
21_494.png,21
41_454.png,41
1_484.png,1
41_488.png,41
39_489.png,39
29_488.png,29
2_485.png,2
22_461.png,2
34_451.png,34
0_493.png,0
4_472.png,4
35_454.png,35
49_498.png,49
44_481.png,44
15_460.png,15
44_484.png,44
39_493.png,39
38_490.png,38
4_468.png,4
0_460.png,0
7_482.png,7
9_452.png,9
5_485.png,5
44_490.png,44
24_476.png,24
44_471.png,44
32_494.png,41
16_458.png,16
13_460.png,13
37_484.png,37
29_451.png,29
47_475.png,47
19_462.png,19
49_481.png,49
9_498.png,9
45_498.png,45
28_454.png,28
26_495.png,26
8_482.png,8
22_499.png,22
2_465.png,2
1_450.png,1
34_491.png,34
49_462.png,49
18_453.png,18
40_455.png,40
43_459.png,43
35_450.png,41
47_499.png,48
22_482.png,22
6_464.png,6
29_499.png,29
12_495.png,12
34_472.png,34
5_495.png,5
41_450.png,41
22_485.png,22
8_490.png,8
2_467.png,2
28_458.png,28
5_454.png,5
28_471.png,28
37_487.png,37
15_451.png,15
0_454.png,0
3_472.png,3
17_498.png,17
25_461.png,17
49_453.png,49
13_490.png,6
26_452.png,26
4_480.png,4
8_499.png,8
40_453.png,40
39_488.png,39
49_459.png,49
42_490.png,42
9_462.png,9
47_471.png,47
42_475.png,42
20_472.png,20
38_463.png,38
26_466.png,26
49_469.png,26
40_462.png,40
42_463.png,42
11_474.png,11
10_461.png,10
9_456.png,9
37_486.png,37
41_470.png,6
38_479.png,38
22_491.png,8
8_465.png,8
7_467.png,7
17_464.png,17
25_488.png,25
22_477.png,22
24_482.png,24
34_494.png,34
18_499.png,18
37_495.png,27
11_466.png,11
3_495.png,3
9_461.png,9
33_494.png,33
31_463.png,31
8_493.png,8
9_481.png,9
15_476.png,15
32_490.png,32
33_498.png,33
13_475.png,13
1_474.png,1
38_485.png,38
13_484.png,6
5_499.png,5
29_461.png,29
4_482.png,4
48_486.png,48
15_453.png,15
13_482.png,13
23_461.png,23
44_469.png,44
10_472.png,10
26_469.png,26
11_495.png,11
30_492.png,30
42_465.png,42
17_463.png,17
43_454.png,43
26_496.png,26
11_453.png,11
39_473.png,39
36_483.png,11
20_467.png,3
46_499.png,46
30_470.png,30
8_455.png,8
3_499.png,3
46_496.png,46
25_485.png,25
30_473.png,30
1_487.png,1
4_497.png,4
5_461.png,5
2_477.png,2
48_455.png,48
22_483.png,22
47_479.png,47
19_487.png,19
35_462.png,35
40_474.png,40
22_455.png,22
42_487.png,42
23_470.png,39
5_480.png,5
24_451.png,34
13_485.png,13
6_470.png,39
46_463.png,46
44_466.png,44
35_467.png,41
23_452.png,18
8_458.png,8
18_463.png,18
48_498.png,36
13_481.png,18
35_464.png,35
4_465.png,4
44_464.png,44
7_471.png,7
24_481.png,24
12_480.png,12
12_479.png,12
24_487.png,24
45_499.png,45
12_470.png,12
6_471.png,6
44_452.png,44
5_475.png,5
5_467.png,5
3_492.png,3
37_499.png,43
28_469.png,28
3_451.png,3
21_493.png,21
37_490.png,37
21_454.png,21
41_474.png,41
22_479.png,22
8_495.png,8
24_470.png,24
24_480.png,24
17_462.png,17
47_458.png,28
6_475.png,48
20_478.png,20
3_489.png,3
15_497.png,15
1_461.png,1
48_471.png,48
44_470.png,44
31_465.png,31
45_458.png,45
15_493.png,15
38_453.png,38
43_480.png,43
17_471.png,17
0_479.png,0
30_478.png,30
37_450.png,37
24_490.png,24
8_463.png,8
11_459.png,11
14_499.png,14
47_452.png,48
20_494.png,20
7_495.png,7
15_477.png,15
10_456.png,10
25_455.png,25
3_466.png,3
19_494.png,0
0_478.png,0
32_469.png,32
11_480.png,11
29_469.png,29
4_496.png,4
5_479.png,5
28_472.png,28
26_491.png,26
38_484.png,38
1_472.png,1
39_491.png,39
29_455.png,29
44_494.png,44
11_484.png,11
10_489.png,10
8_462.png,8
33_484.png,20
38_454.png,38
31_462.png,31
33_470.png,22
43_473.png,43
11_461.png,11
46_483.png,46
32_487.png,32
9_451.png,9
7_483.png,7
13_480.png,39
13_479.png,18
5_476.png,5
11_479.png,11
16_473.png,16
39_472.png,39
25_482.png,25
37_467.png,37
45_488.png,45
5_465.png,5
4_464.png,4
36_494.png,36
2_458.png,2
3_454.png,3
39_450.png,39
28_461.png,48
18_473.png,18
36_469.png,36
45_459.png,45
33_479.png,33
47_487.png,13
27_495.png,27
48_453.png,8
1_486.png,1
26_450.png,26
5_482.png,31
49_461.png,49
18_493.png,18
19_486.png,19
41_480.png,10
41_491.png,41
36_492.png,11
1_456.png,1
5_498.png,5
13_466.png,13
9_490.png,40
22_460.png,22
4_492.png,4
26_478.png,26
19_498.png,19
38_473.png,38
11_482.png,11
41_472.png,10
16_456.png,16
2_460.png,2
17_478.png,17
1_490.png,1
11_451.png,11
37_494.png,6
30_452.png,30
30_486.png,30
37_461.png,37
48_473.png,48
46_492.png,46
37_493.png,37
28_456.png,28
41_477.png,35
12_482.png,12
46_498.png,46
14_464.png,14
22_467.png,22
22_469.png,22
7_497.png,7
48_492.png,48
33_455.png,33
40_492.png,9
21_483.png,21
6_476.png,6
34_479.png,34
33_471.png,33
4_474.png,4
35_488.png,35
4_453.png,29
27_491.png,27
19_461.png,19
29_458.png,41
49_460.png,49
11_469.png,11
38_486.png,38
4_491.png,4
34_480.png,34
43_484.png,36
6_484.png,6
10_492.png,10
2_493.png,2
35_458.png,10
22_471.png,22
15_498.png,15
7_469.png,7
45_469.png,45
2_489.png,2
29_498.png,29
35_493.png,35
47_454.png,6
14_468.png,14
45_484.png,45
23_487.png,23
34_473.png,34
45_465.png,45
46_457.png,46
11_481.png,17
48_495.png,48
33_483.png,33
3_478.png,10
37_456.png,37
33_493.png,33
41_482.png,41
18_472.png,18
30_471.png,30
13_486.png,13
27_466.png,27
48_462.png,48
32_472.png,32
21_488.png,21
25_483.png,25
19_488.png,19
4_475.png,40
26_458.png,26
17_477.png,17
36_479.png,36
21_453.png,21
9_479.png,9
49_454.png,49
17_484.png,17
43_466.png,43
13_497.png,13
22_464.png,22
16_469.png,16
35_490.png,35
17_454.png,17
17_451.png,17
34_495.png,34
33_487.png,22
9_497.png,9
37_489.png,37
1_454.png,1
22_498.png,22
21_477.png,21
32_479.png,32
13_453.png,13
44_460.png,44
46_486.png,46
15_486.png,15
43_482.png,43
13_476.png,13
3_485.png,15
1_467.png,1
30_481.png,30
46_479.png,46
18_460.png,18
29_467.png,29
35_492.png,35
0_488.png,0
22_458.png,22
17_486.png,17
5_466.png,5
30_496.png,30
49_497.png,49
28_482.png,28
6_478.png,6
9_468.png,9
9_454.png,9
1_492.png,1
40_472.png,40
40_488.png,40
28_481.png,28
25_478.png,25
16_452.png,16
36_459.png,36
19_478.png,8
13_464.png,13
36_491.png,36
11_475.png,11
21_497.png,21
41_485.png,10
7_458.png,7
3_462.png,3
40_479.png,1
18_450.png,18
42_469.png,42
33_452.png,48
7_463.png,7
11_455.png,11
24_460.png,24
38_468.png,38
42_471.png,42
45_479.png,45
24_492.png,24
13_489.png,13
17_467.png,17
29_462.png,29
33_489.png,33
5_486.png,5
35_463.png,10
40_460.png,9
25_473.png,25
40_485.png,40
11_468.png,11
8_491.png,8
8_469.png,8
30_457.png,30
26_464.png,26
4_486.png,4
43_485.png,43
48_464.png,48
42_482.png,5
24_494.png,24
9_491.png,9
19_457.png,19
39_471.png,39
46_489.png,46
6_472.png,23
24_466.png,24
49_499.png,49
14_480.png,14
0_476.png,0
32_475.png,32
27_474.png,27
43_451.png,43
14_486.png,14
13_454.png,13
38_475.png,38
18_454.png,18
46_469.png,46
17_474.png,17
29_460.png,29
10_493.png,10
37_460.png,37
19_464.png,19
48_470.png,33
23_483.png,35
3_482.png,3
20_456.png,16
10_454.png,10
45_485.png,45
13_483.png,6
33_456.png,33
19_485.png,19
39_478.png,39
48_491.png,48
12_481.png,12
3_481.png,3
29_480.png,41
21_473.png,21
14_460.png,14
14_479.png,14
24_483.png,24
11_460.png,11
31_459.png,31
40_459.png,40
46_480.png,46
15_456.png,22
26_451.png,26
11_472.png,11
1_491.png,9
20_485.png,15
6_451.png,6
11_456.png,11
43_495.png,43
43_477.png,43
30_460.png,30
9_493.png,9
46_476.png,46
36_493.png,36
40_476.png,40
46_488.png,46
7_472.png,7
23_484.png,23
17_452.png,17
10_485.png,10
19_476.png,19
15_467.png,17
26_480.png,26
31_481.png,49
6_477.png,6
34_455.png,34
38_470.png,38
35_497.png,35
7_484.png,7
7_475.png,7
21_457.png,21
36_454.png,36
41_478.png,41
4_483.png,4
47_468.png,47
7_473.png,7
19_473.png,19
7_474.png,7
11_454.png,47
39_469.png,39
44_463.png,44
36_497.png,47
37_455.png,5
29_453.png,29
16_498.png,16
24_496.png,24
22_496.png,22
16_480.png,16
46_490.png,46
15_489.png,15
20_486.png,20
28_451.png,28
41_497.png,41
41_489.png,41
16_482.png,16
23_480.png,23
28_488.png,28
39_453.png,39
36_486.png,36
43_479.png,43
2_483.png,2
31_485.png,31
13_456.png,39
14_477.png,14
4_493.png,4
48_452.png,48
22_474.png,3
46_497.png,46
6_491.png,6
43_487.png,43
21_496.png,21
45_461.png,45
43_467.png,43
7_492.png,7
20_476.png,20
48_450.png,48
14_457.png,14
0_492.png,0
33_468.png,33
19_490.png,6
29_486.png,35
12_456.png,12
26_493.png,26
39_498.png,39
27_463.png,27
45_480.png,45
30_459.png,30
1_453.png,1
49_468.png,49
10_466.png,36
44_474.png,44
28_498.png,47
37_462.png,37
40_490.png,40
8_494.png,8
24_450.png,46
6_485.png,6
43_456.png,43
26_499.png,26
6_473.png,6
41_479.png,35
26_497.png,26
46_466.png,46
30_497.png,30
39_495.png,39
43_475.png,43
31_493.png,31
21_455.png,21
42_472.png,42
38_499.png,38
30_462.png,30
19_472.png,19
19_456.png,19
12_493.png,12
18_452.png,18
10_476.png,10
1_481.png,1
38_480.png,38
39_483.png,39
40_484.png,40
46_452.png,46
6_486.png,6
0_465.png,0
21_450.png,21
44_468.png,44
27_455.png,27
32_483.png,32
14_495.png,14
29_493.png,29
0_474.png,0
7_487.png,7
38_452.png,38
8_468.png,8
5_474.png,5
12_473.png,12
11_458.png,11
20_466.png,20
34_454.png,34
48_468.png,48
43_460.png,43
38_474.png,38
5_490.png,5
46_473.png,46
10_451.png,35
2_463.png,2
1_468.png,1
15_496.png,15
23_471.png,23
20_453.png,20
48_454.png,48
35_471.png,41
33_495.png,27
16_475.png,16
32_465.png,32
13_492.png,13
5_456.png,5
48_475.png,48
15_483.png,15
